GSS Code,Constituency,Ward,Sian Rebecca BERRY,David FURNESS,George GALLOWAY,Paul GOLDING,Zac GOLDSMITH,Lee HARRIS,Sadiq Aman KHAN,Ankit LOVE,Caroline Valerie PIDGEON,Sophie WALKER,Peter Robin WHITTLE,Want of official mark,Writing identifying voter,Unmarked,Uncertain,Voting for too many
E05000064,Bexley & Bromley,BARNEHURST,87,22,19,64,1510,12,588,1,100,35,266,0,0,10,10,31
E05000065,Bexley & Bromley,BELVEDERE,125,29,35,68,975,15,957,8,93,36,271,0,0,5,10,40
,Bexley & Bromley,BEXLEY POSTAL BATCHES,487,170,149,634,8950,90,4585,30,669,216,1775,1,0,23,24,72
E05000066,Bexley & Bromley,BLACKFEN & LAMORBEY,106,26,19,59,1586,18,613,4,142,24,338,0,0,9,16,48
E05000067,Bexley & Bromley,BLENDON & PENHILL,85,28,17,53,1802,10,546,1,113,20,305,0,0,10,16,43
E05000068,Bexley & Bromley,BRAMPTON,115,36,28,49,1779,9,707,7,137,25,352,0,0,10,16,37
E05000069,Bexley & Bromley,CHRISTCHURCH,143,26,23,46,1443,13,702,3,113,36,256,0,0,7,6,29
E05000070,Bexley & Bromley,COLYERS,62,19,9,72,999,19,581,5,78,22,295,0,0,5,5,27
E05000072,Bexley & Bromley,CRAY MEADOWS,96,24,20,69,1367,14,661,3,100,38,249,0,0,7,6,35
E05000071,Bexley & Bromley,CRAYFORD,121,29,23,73,1099,18,687,3,82,40,315,0,0,8,9,38
E05000073,Bexley & Bromley,DANSON PARK,128,23,23,59,1459,19,634,5,90,32,272,0,0,9,12,36
E05000074,Bexley & Bromley,EAST WICKHAM,83,36,19,77,1220,14,680,1,122,41,343,0,0,10,14,34
E05000075,Bexley & Bromley,ERITH,78,30,19,78,783,16,861,5,75,28,238,0,0,9,9,31
E05000076,Bexley & Bromley,FALCONWOOD & WELLING,104,48,32,76,1513,14,649,3,138,38,319,0,0,4,6,51
E05000077,Bexley & Bromley,LESNES ABBEY,72,31,33,74,1078,16,813,2,72,30,257,0,0,11,10,37
E05000078,Bexley & Bromley,LONGLANDS,120,8,21,35,1702,21,720,1,144,44,205,0,0,5,5,54
E05000079,Bexley & Bromley,NORTH END AD,70,28,10,78,653,26,763,4,63,16,220,0,0,8,10,36
E05000080,Bexley & Bromley,NORTHUMBERLAND HEATH,97,31,26,78,1252,18,697,4,106,33,276,0,0,7,11,46
E05000083,Bexley & Bromley,SIDCUP,176,6,22,39,1886,14,697,4,143,46,246,0,0,15,8,39
E05000081,Bexley & Bromley,ST MARY'S,153,10,13,42,1959,19,596,3,125,46,261,0,0,15,11,24
E05000082,Bexley & Bromley,ST MICHAEL'S,80,35,12,74,1402,12,701,5,119,23,302,0,0,7,7,46
E05000084,Bexley & Bromley,THAMESMEAD EAST,76,20,18,57,506,15,945,6,58,39,180,0,0,3,5,28
E05000106,Bexley & Bromley,Bickley,199,6,33,31,2714,31,921,8,240,79,186,0,0,10,9,57
E05000107,Bexley & Bromley,Biggin Hill,83,11,11,55,1835,15,365,4,115,32,322,0,0,9,10,34
E05000108,Bexley & Bromley,Bromley Common & Keston,204,13,21,67,2220,26,966,3,204,59,290,0,0,9,9,56
E05000109,Bexley & Bromley,Bromley Town,337,13,55,43,1959,39,1580,4,297,132,212,0,0,9,12,39
E05000110,Bexley & Bromley,Chelsfield & Pratts Bottom,231,17,21,49,2747,19,912,5,220,75,378,0,0,12,13,49
E05000111,Bexley & Bromley,Chislehurst,189,9,22,31,2646,23,889,1,200,75,223,0,0,11,13,40
E05000112,Bexley & Bromley,Clock House,438,25,41,51,1598,49,2107,4,285,128,176,0,1,10,13,37
E05000113,Bexley & Bromley,Copers Cope,271,12,40,40,2264,19,1434,7,281,95,172,0,0,14,20,37
E05000114,Bexley & Bromley,Cray Valley East,138,25,28,80,1317,22,814,3,163,43,334,0,0,10,7,43
E05000115,Bexley & Bromley,Cray Valley West,132,30,37,80,1358,21,775,4,133,50,413,0,0,5,5,51
E05000116,Bexley & Bromley,Crystal Palace,358,14,29,46,609,26,1754,2,175,119,90,0,0,13,12,22
E05000117,Bexley & Bromley,Darwin,63,11,8,22,1031,8,203,1,60,19,150,0,0,3,6,17
E05000118,Bexley & Bromley,Farnborough & Crofton,168,23,32,42,3048,23,862,2,221,60,286,0,0,9,5,45
E05000119,Bexley & Bromley,Hayes & Coney Hall,243,14,25,58,2934,30,1026,7,244,66,341,0,0,10,13,54
E05000120,Bexley & Bromley,Kelsey and Eden Park,232,12,39,54,2414,33,1234,3,315,90,239,0,0,8,6,61
E05000121,Bexley & Bromley,Mottingham & Chislehurst North,114,26,35,61,934,23,662,1,90,41,233,0,1,5,5,52
E05000122,Bexley & Bromley,Orpington,169,21,30,65,2505,21,910,4,252,68,372,0,0,12,21,55
E05000123,Bexley & Bromley,Penge and Cator,444,25,51,69,1171,32,2325,5,272,138,181,0,0,13,7,67
E05000124,Bexley & Bromley,Petts Wood & Knoll,214,11,24,41,3178,18,879,3,259,44,245,0,0,9,11,48
E05000125,Bexley & Bromley,Plaistow & Sundridge,248,19,30,60,1888,36,1264,6,272,90,249,0,0,16,11,47
,Bexley & Bromley,Postals Bromley,1011,142,207,498,15295,124,5112,31,1326,391,1776,0,2,55,32,75
E05000126,Bexley & Bromley,Shortlands,151,8,19,28,1935,10,734,5,166,57,100,0,0,9,7,30
E05000127,Bexley & Bromley,West Wickham,207,8,26,50,2910,20,1023,5,252,74,255,0,0,5,10,61
E05000085,Brent & Harrow,Alperton,157,70,77,72,1099,101,2291,69,196,60,75,0,0,85,89,129
E05000086,Brent & Harrow,Barnhill,159,15,149,53,1158,35,1961,11,104,43,58,0,0,19,29,61
,Brent & Harrow,Brent Postals,606,89,493,258,5991,142,7268,58,839,340,331,0,3,56,16,55
E05000087,Brent & Harrow,Brondesbury Park,219,6,76,20,995,28,1516,3,120,57,36,0,0,9,19,27
E05000088,Brent & Harrow,Dollis Hill,99,16,147,25,724,26,1504,11,146,24,50,0,0,23,13,67
E05000089,Brent & Harrow,Dudden Hill,179,16,135,28,797,35,1983,11,204,64,67,0,0,29,14,61
E05000090,Brent & Harrow,Fryent,130,20,79,53,1131,20,1445,13,91,32,82,0,0,27,18,41
E05000091,Brent & Harrow,Harlesden,148,19,83,18,453,31,2058,10,73,56,43,0,0,26,34,33
E05000092,Brent & Harrow,Kensal Green,217,12,48,22,665,41,1863,8,127,99,45,0,1,23,29,34
E05000093,Brent & Harrow,Kenton,120,16,42,25,1811,32,1058,19,96,33,48,0,1,23,5,58
E05000094,Brent & Harrow,Kilburn,285,19,92,24,760,38,2490,11,164,113,80,0,1,37,24,37
E05000095,Brent & Harrow,Mapesbury,239,12,93,33,903,38,1778,10,205,86,57,0,0,18,12,40
E05000096,Brent & Harrow,Northwick Park,151,19,59,26,1447,22,1449,18,87,42,38,0,0,14,10,33
E05000097,Brent & Harrow,Preston,136,23,89,26,1247,34,1745,21,104,49,62,0,0,34,26,57
E05000098,Brent & Harrow,Queens Park,293,9,46,24,1076,47,1970,4,152,172,62,0,0,26,19,43
E05000099,Brent & Harrow,Queensbury,160,26,105,55,1494,30,1733,17,84,46,72,0,0,41,33,72
E05000100,Brent & Harrow,Stonebridge,109,29,117,42,460,37,2292,17,67,34,51,0,0,29,13,108
E05000101,Brent & Harrow,Sudbury,121,29,78,37,1052,36,1882,29,183,43,45,0,0,29,48,42
E05000102,Brent & Harrow,Tokyngton,177,32,110,45,988,50,2024,22,105,55,38,0,1,29,14,91
E05000103,Brent & Harrow,Welsh Harp,121,35,96,54,893,33,1489,15,90,46,105,0,0,26,16,66
E05000104,Brent & Harrow,Wembley Central,145,75,103,72,1114,56,2046,51,147,55,56,0,0,34,27,141
E05000105,Brent & Harrow,Willesden Green,196,21,96,34,637,44,1778,11,159,93,55,0,0,30,10,55
E05000285,Brent & Harrow,Belmont,88,17,38,38,1715,30,799,10,95,49,64,0,0,15,20,20
E05000286,Brent & Harrow,Canons,94,6,38,20,1929,16,878,5,97,39,50,0,1,10,13,18
E05000287,Brent & Harrow,Edgware,105,18,41,39,1065,25,1177,20,64,49,78,0,0,42,40,24
E05000288,Brent & Harrow,Greenhill,144,18,85,32,942,23,1120,4,109,43,46,0,0,8,2,32
E05000289,Brent & Harrow,Harrow on the Hill,137,14,39,33,1108,27,1021,7,99,44,56,0,0,17,12,51
,Brent & Harrow,Harrow Postals,721,126,411,403,12323,159,7177,87,813,391,655,0,1,51,33,70
E05000290,Brent & Harrow,Harrow Weald,86,17,52,25,1347,33,833,7,107,38,107,0,0,21,6,26
E05000291,Brent & Harrow,Hatch End,113,18,37,25,1893,23,791,6,114,41,71,0,0,23,10,38
E05000292,Brent & Harrow,Headstone North,137,10,26,26,1643,24,1023,8,137,47,80,0,0,6,7,26
E05000293,Brent & Harrow,Headstone South,181,16,48,33,1042,19,1266,15,150,39,61,0,0,13,27,30
E05000294,Brent & Harrow,Kenton East,69,23,44,46,1052,37,1111,26,75,22,67,0,0,30,18,77
E05000295,Brent & Harrow,Kenton West,104,22,52,36,1577,32,991,19,71,30,69,0,0,22,7,34
E05000296,Brent & Harrow,Marlborough,143,30,50,51,879,35,1380,23,89,43,63,0,1,16,4,34
E05000297,Brent & Harrow,Pinner,126,7,23,23,1641,20,786,6,123,42,61,0,1,13,17,16
E05000298,Brent & Harrow,Pinner South,154,8,18,23,1897,6,901,11,151,44,53,0,0,20,8,22
E05000099,Brent & Harrow,Queensbury AQ,103,42,34,46,1124,33,1181,17,56,34,86,0,0,17,8,73
E05000300,Brent & Harrow,Rayners Lane,109,13,34,27,1345,27,1174,5,147,39,73,0,0,10,29,47
E05000301,Brent & Harrow,Roxbourne,110,23,66,45,957,32,1490,20,80,44,82,0,0,17,22,45
E05000302,Brent & Harrow,Roxeth,99,26,44,44,945,28,1332,5,73,45,80,0,0,32,27,65
E05000303,Brent & Harrow,Stanmore Park,81,10,34,29,1814,20,694,6,93,32,65,0,0,11,9,45
E05000304,Brent & Harrow,Wealdstone,118,20,60,44,765,25,1162,13,82,30,106,0,0,20,29,39
E05000305,Brent & Harrow,West Harrow,144,12,52,50,1144,22,1233,5,102,52,69,0,0,12,10,35
,Barnet & Camden,Barnet Postal,1130,120,409,429,16233,184,9816,46,1058,564,941,0,14,72,65,102
E05000043,Barnet & Camden,Brunswick Park AC,191,17,38,27,1671,27,1532,12,134,83,136,0,1,21,12,35
E05000044,Barnet & Camden,Burnt Oak,104,24,62,57,753,31,1581,11,89,37,141,0,0,17,13,54
E05000045,Barnet & Camden,Childs Hill,215,10,48,17,1849,27,1421,5,220,100,71,0,0,18,10,33
E05000046,Barnet & Camden,Colindale,137,20,70,38,865,29,1761,7,85,49,102,0,0,14,13,45
E05000047,Barnet & Camden,Coppetts,291,6,31,17,1268,38,1936,11,160,116,101,0,1,12,21,45
E05000048,Barnet & Camden,East Barnet,251,15,44,41,1614,34,1347,3,176,91,166,0,0,10,11,55
E05000049,Barnet & Camden,East Finchley,344,12,29,19,1170,43,2287,11,231,195,102,0,0,15,28,26
E05000050,Barnet & Camden,Edgware AC,86,15,32,30,2457,33,883,4,78,38,79,0,0,10,19,25
E05000051,Barnet & Camden,Finchley Church End,184,10,22,10,2582,30,1024,3,167,128,61,0,0,9,21,27
E05000052,Barnet & Camden,Garden Suburb,173,7,21,3,2893,20,916,4,188,121,37,0,0,11,11,40
E05000053,Barnet & Camden,Golders Green,98,4,36,26,2208,22,923,5,73,40,47,0,0,14,14,28
E05000054,Barnet & Camden,Hale,125,12,41,32,2130,28,1291,3,98,40,124,0,0,18,22,40
E05000055,Barnet & Camden,Hendon,132,6,26,25,2208,34,867,4,99,61,49,0,0,10,17,24
E05000056,Barnet & Camden,High Barnet,393,18,48,31,2142,40,1572,3,267,133,118,0,0,5,20,30
E05000057,Barnet & Camden,Mill Hill,172,12,45,23,2427,28,1325,4,163,68,99,0,0,16,11,35
E05000058,Barnet & Camden,Oakleigh,251,16,41,17,2152,39,1256,4,181,85,141,0,0,10,13,47
E05000059,Barnet & Camden,Totteridge,163,9,26,20,2069,29,991,3,188,86,55,0,0,8,12,25
E05000060,Barnet & Camden,Underhill,242,26,41,52,1546,27,1667,12,174,86,184,0,0,28,21,40
E05000061,Barnet & Camden,West Finchley,229,14,27,13,1382,30,1626,14,199,153,69,0,0,10,11,37
E05000062,Barnet & Camden,West Hendon,97,15,44,24,1511,33,1212,5,85,40,93,0,0,16,15,29
E05000063,Barnet & Camden,Woodhouse,304,17,41,23,1450,31,1875,8,146,126,103,0,0,20,20,30
E05000128,Barnet & Camden,BELSIZE,232,5,29,5,1185,26,1231,3,217,88,53,0,0,7,6,32
E05000129,Barnet & Camden,BLOOMSBURY,205,7,31,8,517,20,1097,4,107,46,50,0,1,15,4,25
,Barnet & Camden,CAMDEN POSTALS,861,34,200,140,5803,87,5970,12,842,318,342,0,9,48,24,67
E05000130,Barnet & Camden,CAMDEN TOWN WITH PRIMROSE HILL,370,10,39,13,846,28,1750,9,132,104,48,0,0,12,10,58
E05000131,Barnet & Camden,CANTELOWES,328,13,41,14,458,24,2031,3,193,104,68,0,2,26,16,31
E05000132,Barnet & Camden,FORTUNE GREEN,267,6,26,19,935,23,1471,6,237,84,48,0,0,16,10,26
E05000133,Barnet & Camden,FROGNAL AND FITZJOHNS,157,4,17,3,1270,7,769,1,129,81,24,0,0,6,13,8
E05000134,Barnet & Camden,GOSPEL OAK,308,14,42,20,603,27,1867,6,142,93,89,0,0,19,19,59
E05000135,Barnet & Camden,HAMPSTEAD TOWN,229,1,17,4,1119,13,1052,5,164,104,28,0,0,9,11,27
E05000136,Barnet & Camden,HAVERSTOCK,292,12,49,29,537,30,1936,4,172,88,85,0,0,8,12,45
E05000137,Barnet & Camden,HIGHGATE,492,5,33,33,777,25,1975,4,149,131,68,0,0,9,11,41
E05000138,Barnet & Camden,HOLBORN AND COVENT GARDEN,227,7,44,22,638,22,1743,3,128,88,82,0,0,19,13,29
E05000139,Barnet & Camden,KENTISH TOWN,564,15,36,21,510,43,2614,2,154,166,73,0,2,6,19,61
E05000140,Barnet & Camden,KILBURN AG,208,9,61,32,575,22,1681,2,183,67,71,0,0,17,9,44
E05000141,Barnet & Camden,KINGS CROSS,183,12,37,9,374,24,1477,2,80,62,43,0,0,8,10,57
E05000142,Barnet & Camden,REGENTS PARK,260,10,57,18,519,33,1850,0,107,67,64,0,0,20,15,67
E05000143,Barnet & Camden,ST. PANCRAS AND SOMERS TOWN,250,18,49,42,415,38,2379,9,85,70,84,0,0,27,17,66
E05000144,Barnet & Camden,SWISS COTTAGE,217,7,24,12,1120,21,1313,2,162,100,52,0,0,4,5,32
E05000145,Barnet & Camden,WEST HAMPSTEAD,277,7,41,10,941,28,1612,8,216,102,55,0,0,13,13,27
E05000026,City & East,Abbey AB,95,26,62,25,464,15,1818,8,37,32,70,0,0,4,1,61
E05000027,City & East,Alibon,53,29,26,71,402,12,671,8,36,19,303,0,0,11,3,35
,City & East,BD Postal Votes,360,164,269,455,2557,84,5564,37,304,200,1163,0,4,56,5,62
E05000028,City & East,Becontree,92,38,46,72,490,24,1164,5,61,39,257,0,0,23,3,77
E05000029,City & East,Chadwell Heath,67,27,36,74,589,21,940,4,43,35,196,0,0,12,1,37
E05000030,City & East,Eastbrook,55,24,26,57,659,12,693,3,72,24,319,0,0,7,3,43
E05000031,City & East,Eastbury,69,36,36,60,394,24,1095,8,49,19,225,0,0,7,2,50
E05000032,City & East,Gascoigne,71,21,40,29,288,22,1261,9,43,28,103,0,0,9,2,59
E05000033,City & East,Goresbrook,55,40,24,59,417,13,821,2,43,20,266,0,0,11,2,53
E05000034,City & East,Heath,56,32,18,57,426,26,826,5,45,25,284,0,0,14,1,51
E05000035,City & East,Longbridge,76,16,69,29,699,17,1767,4,76,34,130,0,0,17,3,46
E05000036,City & East,Mayesbrook,49,32,21,59,361,11,711,1,41,20,243,0,0,17,2,61
E05000037,City & East,Parsloes,51,35,24,59,397,17,675,1,48,27,213,0,0,6,1,54
E05000038,City & East,River,57,34,21,54,353,19,814,4,49,23,216,0,0,7,3,49
E05000039,City & East,Thames,63,29,29,43,386,16,1307,4,35,22,194,0,0,13,3,82
E05000040,City & East,Valence,60,31,37,52,398,16,844,3,41,20,238,0,0,11,0,41
E05000041,City & East,Village AB,57,30,29,56,484,17,808,4,36,27,294,0,0,10,1,65
E05000042,City & East,Whalebone,88,16,36,50,646,14,939,7,61,24,187,0,0,11,1,51
,City & East,London,178,5,11,9,812,19,879,0,132,86,36,0,0,14,2,12
,City & East,London Postals,65,5,22,8,590,4,427,3,98,33,36,0,1,1,1,1
E05000475,City & East,Beckton,114,23,61,40,497,29,1293,9,70,43,107,0,1,15,3,56
E05000476,City & East,Boleyn,116,22,95,35,528,22,2423,8,70,33,51,0,0,28,7,82
E05000477,City & East,Canning Town North,141,30,66,54,490,26,1729,6,60,57,140,0,0,22,4,91
E05000478,City & East,Canning Town South,120,28,58,62,597,35,1540,2,82,67,174,0,0,15,2,51
E05000479,City & East,Custom House,81,35,44,50,453,22,1168,5,66,39,109,0,0,15,2,66
E05000480,City & East,East Ham Central,113,23,61,33,582,25,2570,6,45,33,55,0,0,21,8,84
E05000481,City & East,East Ham North,105,17,111,24,523,11,2810,11,43,26,29,0,0,31,5,110
E05000482,City & East,East Ham South,132,31,82,50,486,19,2122,12,56,35,141,0,0,41,4,48
E05000483,City & East,Forest Gate North,272,16,79,35,507,36,2238,5,95,65,79,0,0,22,3,58
E05000484,City & East,Forest Gate South,209,20,86,33,497,36,2359,13,85,69,50,0,0,37,2,56
E05000485,City & East,Green Street East,94,22,117,18,586,29,2665,19,50,37,33,0,1,47,4,47
E05000486,City & East,Green Street West,95,22,85,17,469,28,2540,9,39,20,28,0,0,54,5,51
E05000487,City & East,Little Ilford,96,17,71,22,411,16,2656,9,51,37,61,0,0,29,10,84
E05000488,City & East,Manor Park,136,24,116,16,387,27,2402,14,42,37,32,0,0,24,3,86
,City & East,Newham Postal Votes,732,146,611,336,3457,176,9952,59,463,312,493,0,3,71,10,80
E05000489,City & East,Plaistow North,113,15,105,23,453,27,2101,7,50,41,62,0,0,35,4,63
E05000490,City & East,Plaistow South,144,27,78,61,561,34,2015,10,76,60,89,0,0,17,4,49
E05000491,City & East,Royal Docks,141,13,37,32,525,22,1136,5,65,55,81,0,0,13,0,19
E05000492,City & East,Stratford and New Town,427,20,95,37,937,45,2993,6,212,130,106,0,0,24,5,84
E05000493,City & East,Wall End,93,26,83,47,664,33,2591,9,59,38,60,0,0,26,3,69
E05000494,City & East,West Ham,163,19,63,50,555,33,1791,6,84,50,100,0,0,18,5,73
E05009317,City & East,Bethnal Green,493,22,110,44,565,57,3413,5,159,122,131,0,0,52,1,82
E05009318,City & East,Blackwall and Cubitt Town,156,14,63,20,854,24,1184,2,117,45,99,0,0,18,4,42
E05009319,City & East,Bow East,447,14,72,47,626,44,2689,7,185,128,144,0,0,24,14,57
E05009320,City & East,Bow West,365,10,53,38,636,25,2160,5,152,106,115,0,0,24,1,63
E05009321,City & East,Bromley North,164,11,75,31,212,34,1625,1,54,37,45,0,0,33,4,73
E05009322,City & East,Bromley South,166,9,79,16,330,35,1992,7,75,53,56,0,0,48,4,62
E05009323,City & East,Canary Wharf,112,12,37,17,623,27,996,2,94,40,40,0,0,11,2,31
E05009324,City & East,Island Gardens,190,18,45,25,963,33,1292,5,119,54,91,0,1,22,0,46
E05009325,City & East,Lansbury,208,31,116,71,484,53,2483,12,107,47,135,0,1,60,5,82
E05009326,City & East,Limehouse,114,1,27,10,507,17,700,1,88,37,30,0,0,12,3,20
E05009327,City & East,Mile End,290,25,129,40,446,37,2902,7,122,84,86,0,0,39,3,123
E05009328,City & East,Poplar,66,8,49,10,144,17,930,5,39,18,35,0,0,19,0,43
E05009332,City & East,Shadwell,157,15,109,16,297,27,2178,11,58,37,54,0,0,39,3,88
E05009333,City & East,Spitalfields and Banglatown,217,14,97,6,342,42,1818,7,80,57,20,0,0,45,3,56
E05009329,City & East,St. Dunstan`s,188,10,112,29,318,33,2399,7,76,62,42,0,0,45,3,54
E05009330,City & East,St. Katharine`s and Wapping,222,6,41,16,955,24,1238,3,189,77,46,0,0,20,2,26
E05009331,City & East,St. Peter`s BG,493,20,125,33,450,36,3093,7,129,111,73,0,1,49,1,82
E05009334,City & East,Stepney Green,201,11,106,27,329,33,2208,2,76,52,56,0,0,49,4,53
,City & East,TH Postal Votes,858,94,747,202,4278,118,9358,21,671,365,478,0,6,69,8,61
E05009335,City & East,Weavers,316,11,79,18,367,39,1831,2,106,92,72,0,2,27,0,43
E05009336,City & East,Whitechapel,248,8,117,14,491,39,2301,6,130,69,30,0,0,48,1,59
E05000146,Croydon & Sutton,Addiscombe,305,14,44,41,1162,37,1754,8,180,74,153,0,0,18,2,53
E05000147,Croydon & Sutton,Ashburton,195,18,25,62,1705,26,1438,5,144,45,187,0,0,21,0,50
E05000148,Croydon & Sutton,Bensham Manor,139,18,64,30,785,36,2184,11,75,36,83,0,1,39,4,61
E05000149,Croydon & Sutton,Broad Green,162,36,42,59,812,25,2311,11,93,39,125,0,0,29,2,78
E05000150,Croydon & Sutton,Coulsdon East,163,17,21,43,1928,18,668,8,247,60,211,0,0,14,1,44
E05000151,Croydon & Sutton,Coulsdon West,165,15,33,32,1976,16,842,3,140,51,153,0,0,18,1,44
E05000152,Croydon & Sutton,Croham,235,11,39,24,1830,32,1410,7,278,62,115,0,1,21,2,48
,Croydon & Sutton,Croydon Postal Votes,1220,160,410,616,13820,184,10322,59,1124,466,1368,0,12,106,5,136
E05000153,Croydon & Sutton,Fairfield,231,16,44,23,1523,28,1474,3,187,72,101,0,0,22,3,29
E05000154,Croydon & Sutton,Fieldway,53,29,13,51,405,10,767,4,38,22,176,0,0,18,0,40
E05000155,Croydon & Sutton,Heathfield,156,15,27,51,1922,37,946,4,139,33,189,0,0,18,2,42
E05000156,Croydon & Sutton,Kenley,183,12,37,39,2092,31,886,2,167,56,174,0,0,14,0,48
E05000157,Croydon & Sutton,New Addington,47,31,18,63,529,15,648,4,52,18,226,0,0,14,0,29
E05000158,Croydon & Sutton,Norbury,226,18,86,32,1161,22,2141,9,137,57,84,0,0,29,1,41
E05000159,Croydon & Sutton,Purley,165,15,27,25,2077,18,1065,0,155,65,101,0,0,20,2,52
E05000160,Croydon & Sutton,Sanderstead,185,10,22,38,2480,20,808,6,191,25,162,0,0,20,0,40
E05000161,Croydon & Sutton,Selhurst,179,19,60,39,681,30,2001,10,98,60,95,0,1,34,3,62
E05000162,Croydon & Sutton,Selsdon and Ballards,183,15,22,40,2315,16,715,3,154,38,182,0,0,18,3,73
E05000163,Croydon & Sutton,Shirley,146,20,21,67,2188,27,1199,3,129,42,179,0,0,29,0,48
E05000164,Croydon & Sutton,South Norwood,340,14,42,29,875,29,2278,4,196,104,97,0,0,26,1,60
E05000165,Croydon & Sutton,Thornton Heath,182,14,60,48,723,29,2171,6,95,56,73,0,0,33,1,57
E05000166,Croydon & Sutton,Upper Norwood,315,11,54,24,1010,42,2203,11,139,95,89,0,1,25,2,41
E05000167,Croydon & Sutton,Waddon,199,18,43,57,1132,20,1477,9,120,56,166,0,0,15,1,46
E05000168,Croydon & Sutton,West Thornton,119,24,68,36,827,29,2325,12,92,38,75,0,0,71,3,48
E05000169,Croydon & Sutton,Woodside,212,19,37,34,836,41,2015,10,126,54,111,0,0,18,2,45
E05000555,Croydon & Sutton,Beddington North,127,25,29,28,985,17,795,4,232,33,162,0,0,12,2,48
E05000556,Croydon & Sutton,Beddington South,77,20,24,43,1143,23,639,3,308,18,175,0,0,14,0,24
E05000557,Croydon & Sutton,Belmont BF,123,7,20,26,1568,17,699,2,188,54,102,0,0,13,0,19
E05000558,Croydon & Sutton,Carshalton Central,167,12,16,34,1302,16,871,3,424,42,153,0,0,16,1,27
E05000559,Croydon & Sutton,Carshalton South and Clockhouse,116,11,21,36,1470,16,730,2,396,37,146,0,0,14,0,21
E05000560,Croydon & Sutton,Cheam,93,4,26,36,1720,20,692,3,248,21,107,0,0,32,0,15
E05000561,Croydon & Sutton,Nonsuch,100,22,24,47,1603,17,726,3,340,32,200,0,0,22,0,30
E05000562,Croydon & Sutton,St Helier,69,20,22,75,564,18,709,3,196,15,225,0,0,12,2,35
E05000563,Croydon & Sutton,Stonecot,92,18,21,47,1361,16,825,11,224,35,209,0,0,17,0,35
E05000564,Croydon & Sutton,Sutton Central,155,10,26,49,826,25,948,3,318,32,173,0,0,13,1,26
E05000565,Croydon & Sutton,Sutton North,95,18,14,39,1070,14,730,2,318,28,217,0,0,9,0,33
,Croydon & Sutton,Sutton Postal Votes,575,123,154,442,8387,69,4146,20,2446,221,1224,0,5,47,2,64
E05000566,Croydon & Sutton,Sutton South,125,11,28,20,983,13,720,4,309,33,101,0,0,13,0,21
E05000567,Croydon & Sutton,Sutton West,114,7,34,41,1212,9,852,1,324,26,115,0,0,20,0,26
E05000568,Croydon & Sutton,The Wrythe,110,7,22,42,910,21,650,1,312,30,184,0,0,23,0,29
E05000569,Croydon & Sutton,Wallington North,129,16,24,38,1128,16,833,3,421,50,190,0,0,25,0,32
E05000570,Croydon & Sutton,Wallington South,147,13,22,45,1185,18,751,4,383,35,140,0,0,18,3,31
E05000571,Croydon & Sutton,Wandle Valley,117,23,32,47,653,29,735,6,297,29,211,0,0,6,1,27
E05000572,Croydon & Sutton,Worcester Park,145,17,28,43,1514,29,865,1,290,45,169,0,0,17,0,34
E05000170,Ealing & Hillingdon,Acton Central,281,13,82,20,1101,40,1881,2,135,83,85,0,0,20,1,92
E05000171,Ealing & Hillingdon,Cleveland,307,19,61,32,1739,47,1872,14,279,90,80,0,1,23,3,80
E05000172,Ealing & Hillingdon,Dormers Wells,126,34,78,51,801,37,2445,13,52,50,57,0,1,38,5,196
E05000173,Ealing & Hillingdon,Ealing Broadway,307,13,53,18,1866,38,1464,4,237,98,73,0,0,16,3,34
E05000174,Ealing & Hillingdon,Ealing Common,279,14,57,18,1497,35,1489,2,308,100,86,0,1,29,1,36
E05000175,Ealing & Hillingdon,East Acton,289,25,101,55,1014,50,2162,14,143,77,75,0,0,28,5,96
E05000176,Ealing & Hillingdon,Elthorne,368,27,60,33,1145,51,2079,6,212,104,94,0,0,30,0,66
E05000177,Ealing & Hillingdon,Greenford Broadway,146,47,93,82,1012,62,2273,13,88,51,178,0,0,33,3,183
E05000178,Ealing & Hillingdon,Greenford Green,156,24,75,62,1267,46,1624,13,125,57,136,0,0,23,5,105
E05000179,Ealing & Hillingdon,Hanger Hill,245,10,83,25,1832,30,1280,10,186,81,65,0,0,16,2,40
E05000180,Ealing & Hillingdon,Hobbayne,276,23,60,52,1144,38,2105,5,170,79,124,0,0,19,3,100
E05000181,Ealing & Hillingdon,Lady Margaret,124,31,65,70,885,54,2347,30,69,54,65,0,0,48,5,164
E05000183,Ealing & Hillingdon,North Greenford,151,30,102,50,1361,53,1783,13,122,44,134,0,1,30,0,117
E05000182,Ealing & Hillingdon,Northfield,435,9,38,24,1554,34,1855,7,270,112,66,0,0,19,7,74
E05000184,Ealing & Hillingdon,Northolt Mandeville,148,38,68,73,1065,42,1671,9,114,60,191,0,2,26,4,136
E05000185,Ealing & Hillingdon,Northolt West End,116,49,72,74,893,45,1940,15,88,48,217,0,0,38,2,121
E05000186,Ealing & Hillingdon,Norwood Green,103,26,60,44,806,44,2135,19,76,52,66,0,0,47,3,91
E05000187,Ealing & Hillingdon,Perivale,179,31,125,47,1329,48,1721,17,98,50,143,0,0,33,4,120
,Ealing & Hillingdon,Postal AJ,869,93,443,295,7350,178,8378,66,881,397,465,0,12,70,5,98
E05000188,Ealing & Hillingdon,South Acton,239,11,76,41,1163,28,1855,7,161,96,73,0,0,23,3,93
E05000189,Ealing & Hillingdon,Southall Broadway,96,43,58,54,646,50,3000,28,60,32,50,0,0,53,5,198
E05000190,Ealing & Hillingdon,Southall Green,95,38,72,66,630,42,3083,35,63,53,57,0,1,72,6,161
E05000191,Ealing & Hillingdon,Southfield,293,7,36,24,1960,25,1459,4,413,130,63,0,2,22,3,44
E05000192,Ealing & Hillingdon,Walpole,366,7,52,25,1549,34,2006,3,264,117,79,0,0,17,0,55
E05000324,Ealing & Hillingdon,Barnhill AS,94,35,33,53,855,37,1805,22,41,30,102,0,0,42,0,68
E05000325,Ealing & Hillingdon,Botwell,97,30,65,60,869,37,1944,11,74,33,152,0,0,34,0,49
E05000326,Ealing & Hillingdon,Brunel,113,21,23,59,990,15,675,5,61,23,144,0,0,8,2,36
E05000327,Ealing & Hillingdon,Cavendish,165,22,31,54,2109,26,747,4,167,41,171,0,0,24,4,38
E05000328,Ealing & Hillingdon,Charville,80,28,40,52,1264,29,1152,5,67,24,201,0,0,23,1,95
E05000329,Ealing & Hillingdon,Eastcote and East Ruislip,202,21,26,44,2772,19,828,6,173,51,152,0,0,28,2,53
E05000330,Ealing & Hillingdon,Harefield,75,15,25,52,928,12,310,2,60,27,224,0,0,10,2,36
E05000331,Ealing & Hillingdon,Heathrow Villages,81,30,39,63,869,14,934,9,46,23,157,0,0,31,1,31
E05000332,Ealing & Hillingdon,Hillingdon East,114,26,33,56,1395,24,896,7,106,33,201,0,1,19,0,57
E05000333,Ealing & Hillingdon,Ickenham,160,11,22,56,2203,18,617,2,136,34,170,0,0,12,0,39
E05000334,Ealing & Hillingdon,Manor,183,24,22,52,2076,23,735,5,159,34,212,0,1,20,1,45
E05000335,Ealing & Hillingdon,Northwood,131,13,35,31,1883,10,687,5,113,37,74,0,1,15,1,34
E05000336,Ealing & Hillingdon,Northwood Hills,148,10,30,36,1672,26,748,6,83,39,122,0,1,18,0,43
E05000337,Ealing & Hillingdon,Pinkwell,72,26,55,59,870,33,1710,16,50,37,118,0,2,32,2,66
,Ealing & Hillingdon,Postal AS,647,121,282,485,10082,99,5423,44,657,243,1156,0,13,60,4,80
E05000338,Ealing & Hillingdon,South Ruislip,154,20,28,37,1336,22,799,5,113,43,189,0,0,5,1,51
E05000339,Ealing & Hillingdon,Townfield,78,29,78,57,793,39,1963,9,65,32,156,0,0,32,3,65
E05000340,Ealing & Hillingdon,Uxbridge North,161,14,39,38,1770,25,833,6,118,40,158,0,0,15,0,53
E05000341,Ealing & Hillingdon,Uxbridge South,189,18,40,41,1040,23,947,7,117,41,205,0,0,22,3,38
E05000342,Ealing & Hillingdon,West Drayton,105,36,36,70,1292,32,1128,6,93,43,297,0,0,19,3,41
E05000343,Ealing & Hillingdon,West Ruislip,130,17,20,37,1931,19,666,3,130,34,183,0,0,20,0,31
E05000344,Ealing & Hillingdon,Yeading,80,37,59,66,821,32,1634,19,63,39,117,0,0,14,1,79
E05000345,Ealing & Hillingdon,Yiewsley,147,43,43,77,908,22,867,7,75,25,245,0,0,19,1,35
E05000193,Enfield & Haringey,Bowes,270,14,53,23,730,27,1955,10,104,91,56,0,0,28,2,70
E05000194,Enfield & Haringey,Bush Hill Park,192,9,35,40,1690,27,1456,2,162,54,151,0,0,12,2,85
E05000195,Enfield & Haringey,Chase,172,29,24,47,1408,28,1321,5,123,52,173,0,0,23,3,82
E05000196,Enfield & Haringey,Cockfosters,126,21,48,36,2007,28,1055,6,144,62,80,0,0,22,3,52
E05000197,Enfield & Haringey,Edmonton Green,117,24,44,44,473,33,2306,15,65,33,86,0,0,34,3,155
E05000198,Enfield & Haringey,Enfield Highway,95,26,50,52,710,30,1650,5,58,32,165,0,0,21,4,82
E05000199,Enfield & Haringey,Enfield Lock,107,28,48,52,712,27,1839,5,72,39,188,0,0,17,1,87
E05000200,Enfield & Haringey,Grange,217,11,36,22,2181,28,1158,5,156,69,125,0,0,14,4,48
E05000201,Enfield & Haringey,Haselbury,125,28,48,44,652,40,1993,13,82,36,105,0,0,33,4,108
E05000202,Enfield & Haringey,Highlands,220,8,28,35,2058,21,1133,8,147,58,133,0,0,21,2,52
E05000203,Enfield & Haringey,Jubilee,92,23,54,50,706,40,1745,10,78,36,153,0,0,17,3,83
E05000204,Enfield & Haringey,Lower Edmonton,107,30,61,45,557,28,2021,15,74,44,114,0,1,36,3,99
E05000205,Enfield & Haringey,Palmers Green,236,13,67,21,1032,35,1911,9,137,76,90,0,0,20,3,68
E05000206,Enfield & Haringey,Ponders End,94,15,57,33,496,42,1821,3,57,28,107,0,0,29,2,91
,Enfield & Haringey,Postal,639,97,214,334,6988,103,6834,34,574,242,757,0,2,41,7,64
E05000207,Enfield & Haringey,Southbury,152,19,43,46,852,27,1605,9,100,50,150,0,0,18,1,67
E05000208,Enfield & Haringey,Southgate,225,11,67,33,1483,29,1436,7,179,69,103,0,0,26,2,61
E05000209,Enfield & Haringey,Southgate Green,210,9,39,22,1460,49,1557,8,173,78,73,0,0,15,1,70
E05000210,Enfield & Haringey,Town,256,21,30,44,2063,35,1431,11,189,86,203,0,0,20,0,54
E05000211,Enfield & Haringey,Turkey Street,124,21,44,51,753,23,1478,6,70,29,141,0,0,11,0,110
E05000212,Enfield & Haringey,Upper Edmonton,153,28,65,49,644,50,2365,17,69,39,87,0,0,35,1,103
E05000213,Enfield & Haringey,Winchmore Hill,241,11,27,16,1784,33,1560,4,185,90,96,0,0,8,2,37
E05000266,Enfield & Haringey,Alexandra AP,434,4,32,13,906,22,2063,3,306,146,38,0,0,10,1,39
E05000267,Enfield & Haringey,Bounds Green,292,16,32,22,521,31,1883,6,159,81,39,0,0,11,2,65
E05000268,Enfield & Haringey,Bruce Grove,276,22,41,18,291,27,1953,11,68,79,38,0,0,26,4,99
E05000269,Enfield & Haringey,Crouch End,402,4,32,9,841,18,2224,3,348,222,31,0,0,5,1,46
E05000270,Enfield & Haringey,Fortis Green,308,6,31,14,954,32,1918,0,328,192,44,0,1,9,5,40
,Enfield & Haringey,Haringey Postal Batches,893,53,197,113,3571,84,7445,15,853,394,245,0,1,60,4,66
E05000271,Enfield & Haringey,Harringay,468,9,32,18,435,31,2220,8,209,139,30,0,0,9,2,53
E05000272,Enfield & Haringey,Highgate AP,299,6,15,8,1033,13,1495,1,270,117,37,0,0,14,3,35
E05000273,Enfield & Haringey,Hornsey,392,6,33,12,456,29,2396,5,185,147,33,0,0,14,1,47
E05000274,Enfield & Haringey,Muswell Hill,328,3,31,14,843,22,1973,3,302,186,27,0,0,14,6,42
E05000275,Enfield & Haringey,Noel Park,235,16,38,29,351,41,1783,5,144,56,46,0,0,20,0,77
E05000276,Enfield & Haringey,Northumberland Park,117,19,49,23,225,33,1913,9,54,35,42,0,0,24,3,90
E05000278,Enfield & Haringey,Seven Sisters,356,10,48,24,518,30,2072,5,69,90,34,0,0,35,1,95
E05000277,Enfield & Haringey,St Ann`s,379,12,46,13,372,30,2181,7,94,91,37,0,0,18,3,72
E05000279,Enfield & Haringey,Stroud Green,462,4,44,10,458,26,2674,3,199,199,40,0,0,11,3,52
E05000280,Enfield & Haringey,Tottenham Green,343,12,50,23,328,37,2271,9,91,63,32,0,0,20,4,111
E05000281,Enfield & Haringey,Tottenham Hale,184,15,50,27,406,35,2187,7,92,51,49,0,0,24,5,115
E05000282,Enfield & Haringey,West Green,258,16,36,10,392,40,2103,14,75,63,31,0,0,22,1,78
E05000283,Enfield & Haringey,White Hart Lane,125,22,44,32,297,30,1719,3,58,29,71,0,0,25,2,120
E05000284,Enfield & Haringey,Woodside AP,221,13,32,30,432,27,1843,9,139,62,55,0,0,22,6,89
E05000214,Greenwich & Lewisham,Abbey Wood,122,37,40,67,672,19,1510,10,90,49,251,0,0,15,6,80
E05000215,Greenwich & Lewisham,Blackheath Westcombe,379,10,17,17,1381,35,1871,7,245,144,117,0,0,12,2,48
E05000216,Greenwich & Lewisham,Charlton,316,27,36,48,796,39,1986,7,174,84,169,0,0,11,7,62
E05000217,Greenwich & Lewisham,Coldharbour and New Eltham,145,32,25,59,1509,27,914,3,128,44,263,0,0,8,2,65
E05000218,Greenwich & Lewisham,Eltham North,241,20,31,57,1848,36,1462,5,208,76,271,0,0,10,4,89
E05000219,Greenwich & Lewisham,Eltham South,134,24,33,44,1509,25,960,4,169,47,203,0,0,8,3,32
E05000220,Greenwich & Lewisham,Eltham West,122,33,21,72,669,26,1074,4,93,50,273,0,0,13,2,54
E05000221,Greenwich & Lewisham,Glyndon,231,35,38,60,629,30,2103,6,119,55,172,0,0,9,12,75
,Greenwich & Lewisham,Greenwich Postal Votes,883,131,242,430,5794,127,7581,26,815,402,1003,0,3,47,11,73
E05000222,Greenwich & Lewisham,Greenwich West,483,12,56,35,1236,56,2538,4,320,188,122,0,0,10,12,55
E05000223,Greenwich & Lewisham,Kidbrooke with Hornfair,162,24,38,54,869,33,1322,3,111,65,201,0,0,10,5,67
E05000224,Greenwich & Lewisham,Middle Park and Sutcliffe,161,26,33,68,948,31,1397,3,160,68,251,0,0,9,5,42
E05000225,Greenwich & Lewisham,Peninsula,431,26,35,48,1113,39,2091,11,240,148,146,0,0,11,3,74
E05000226,Greenwich & Lewisham,Plumstead,167,40,46,59,695,25,1807,10,112,53,208,0,0,8,7,79
E05000227,Greenwich & Lewisham,Shooters Hill,266,24,37,53,1017,33,1748,6,141,75,213,0,0,13,8,80
E05000228,Greenwich & Lewisham,Thamesmead Moorings,101,38,64,70,614,20,1558,9,73,52,172,0,0,18,6,85
E05000229,Greenwich & Lewisham,Woolwich Common,209,25,61,50,511,27,1833,9,77,71,113,0,0,17,5,82
E05000230,Greenwich & Lewisham,Woolwich Riverside,219,29,54,49,722,40,2088,3,131,87,166,0,0,16,3,93
E05000437,Greenwich & Lewisham,Bellingham,173,21,52,67,542,22,1563,6,106,40,169,0,0,24,2,41
E05000438,Greenwich & Lewisham,Blackheath,321,15,28,18,1043,33,1913,6,269,161,81,0,0,10,10,26
E05000439,Greenwich & Lewisham,Brockley,668,15,36,19,563,59,3017,2,168,192,64,0,0,19,7,27
E05000440,Greenwich & Lewisham,Catford South,263,7,45,34,754,33,2377,9,165,83,89,0,0,26,7,44
E05000441,Greenwich & Lewisham,Crofton Park,567,7,27,25,679,35,2761,7,181,190,71,0,0,30,6,27
E05000442,Greenwich & Lewisham,Downham,109,20,29,61,612,28,1261,3,196,40,238,0,0,16,12,27
E05000443,Greenwich & Lewisham,Evelyn,278,18,51,42,534,45,2248,10,149,60,101,0,0,17,5,31
E05000444,Greenwich & Lewisham,Forest Hill,431,6,40,21,805,39,2361,0,282,134,71,0,0,15,6,31
E05000445,Greenwich & Lewisham,Grove Park,217,19,33,52,966,26,1465,9,163,51,196,0,0,20,5,38
E05000446,Greenwich & Lewisham,Ladywell,531,12,40,18,544,35,2765,3,163,175,53,0,0,37,3,39
E05000447,Greenwich & Lewisham,Lee Green,376,13,43,36,1014,44,2257,6,287,130,112,0,0,11,7,40
E05000448,Greenwich & Lewisham,Lewisham Central,439,22,58,17,701,40,2566,14,195,139,89,0,0,29,6,47
E05000449,Greenwich & Lewisham,New Cross,390,12,57,27,422,51,2465,11,115,104,62,0,0,22,9,33
E05000450,Greenwich & Lewisham,Perry Vale,429,21,42,37,825,24,2589,6,217,149,92,0,1,18,10,25
,Greenwich & Lewisham,Postal Ward,1181,107,230,323,4245,119,7966,33,904,406,656,0,2,49,15,61
E05000451,Greenwich & Lewisham,Rushey Green,281,15,48,29,464,33,2047,6,110,79,66,0,0,33,7,24
E05000452,Greenwich & Lewisham,Sydenham,399,27,36,35,863,33,2341,8,168,132,112,0,0,25,2,51
E05000453,Greenwich & Lewisham,Telegraph Hill,512,13,44,21,451,59,3079,8,136,149,56,0,0,15,7,38
E05000454,Greenwich & Lewisham,Whitefoot,115,23,32,68,582,24,1623,5,161,39,146,0,0,26,6,35
E05000306,Havering & Redbridge,Brooklands,132,27,29,78,1400,22,1036,3,106,59,323,1,0,19,7,37
E05000307,Havering & Redbridge,Cranham,159,17,23,70,2408,23,635,6,173,37,357,0,0,23,3,54
E05000308,Havering & Redbridge,Elm Park,142,30,25,106,1479,23,825,5,86,41,455,0,1,16,4,62
E05000309,Havering & Redbridge,Emerson Park,106,12,27,47,2173,14,605,0,103,39,274,0,2,13,1,39
E05000310,Havering & Redbridge,Gooshays,87,51,39,109,941,27,780,2,55,40,459,0,1,17,2,66
E05000311,Havering & Redbridge,Hacton,128,19,32,66,2011,13,683,5,128,39,472,1,0,16,5,58
E05000312,Havering & Redbridge,Harold Wood,119,33,29,81,1680,23,754,7,156,32,407,3,0,14,5,42
E05000313,Havering & Redbridge,Havering Park,87,23,13,107,1426,25,515,2,82,26,341,0,0,12,0,59
E05000314,Havering & Redbridge,Heaton,90,53,36,90,997,31,803,6,101,38,549,0,0,20,3,30
E05000315,Havering & Redbridge,Hylands,137,30,32,56,1908,12,777,3,120,37,413,0,0,10,0,53
E05000316,Havering & Redbridge,Mawneys,105,15,26,67,1618,21,612,5,95,32,383,0,0,12,1,48
E05000317,Havering & Redbridge,Pettits,93,18,32,77,2322,20,571,1,159,35,318,0,0,15,4,51
,Havering & Redbridge,Postal Votes - Havering,688,215,229,749,10473,121,3932,27,649,211,2493,0,14,59,5,99
E05000318,Havering & Redbridge,Rainham & Wennington,73,30,40,82,1103,10,727,5,97,34,465,0,0,17,5,41
E05000319,Havering & Redbridge,Romford Town,184,20,35,65,1687,29,964,2,182,58,321,0,0,22,1,49
E05000320,Havering & Redbridge,Saint Andrews,147,28,43,72,1980,22,731,4,145,33,444,0,0,20,6,47
E05000321,Havering & Redbridge,South Hornchurch,82,44,24,118,1071,21,793,3,67,31,449,0,0,19,1,65
E05000322,Havering & Redbridge,Squirrels Heath,118,17,21,40,2059,22,654,8,95,47,262,0,0,11,0,46
E05000323,Havering & Redbridge,Upminster,191,27,36,52,2687,9,695,2,149,27,316,0,0,13,4,64
E05000495,Havering & Redbridge,ALDBOROUGH,149,18,43,42,1408,25,1744,11,96,48,109,0,0,32,3,52
E05000496,Havering & Redbridge,BARKINGSIDE,123,10,62,17,1715,26,1605,6,89,39,69,1,0,12,0,37
E05000497,Havering & Redbridge,BRIDGE,145,15,29,49,1418,32,899,4,138,57,170,0,0,11,4,36
E05000498,Havering & Redbridge,CHADWELL,118,20,74,52,1059,16,1758,5,85,51,157,0,0,25,4,50
E05000499,Havering & Redbridge,CHURCH END,219,5,38,23,1446,31,1211,4,238,67,86,1,0,30,1,25
E05000500,Havering & Redbridge,CLAYHALL,91,8,72,21,1730,27,1851,14,86,30,62,0,0,19,2,45
E05000501,Havering & Redbridge,CLEMENTSWOOD,80,13,110,22,600,21,2217,12,49,27,48,0,0,24,4,44
E05000502,Havering & Redbridge,CRANBROOK,100,7,93,27,1097,27,1990,7,65,42,33,0,0,28,5,39
E05000503,Havering & Redbridge,FAIRLOP,119,18,35,40,1505,13,1045,4,101,31,156,0,0,7,4,27
E05000504,Havering & Redbridge,FULLWELL,105,23,56,35,1486,26,1352,4,110,35,126,0,1,15,1,46
E05000505,Havering & Redbridge,GOODMAYES,95,12,84,28,796,22,1976,7,79,36,67,0,0,31,11,53
E05000506,Havering & Redbridge,HAINAULT,102,30,43,59,1072,16,899,6,66,30,239,0,0,7,5,50
E05000507,Havering & Redbridge,LOXFORD,97,23,96,38,540,21,2427,9,38,27,33,0,0,17,8,45
E05000508,Havering & Redbridge,MAYFIELD,98,18,123,32,1039,27,1968,10,57,34,97,0,0,26,2,59
E05000509,Havering & Redbridge,MONKHAMS,148,3,25,16,2015,10,791,3,156,55,102,0,0,18,5,33
E05000510,Havering & Redbridge,NEWBURY,149,10,90,33,1234,30,2568,13,83,46,62,0,0,22,15,44
,Havering & Redbridge,Redbridge - Postal Votes,543,78,425,286,7638,69,7131,38,597,235,761,1,11,53,5,67
E05000511,Havering & Redbridge,RODING,165,15,51,24,1392,21,1620,3,235,42,127,0,0,27,6,44
E05000512,Havering & Redbridge,SEVEN KINGS,131,20,75,35,963,31,2166,11,88,32,64,0,1,26,3,50
E05000513,Havering & Redbridge,SNARESBROOK,257,9,40,25,1496,18,1427,5,203,69,75,0,0,21,4,32
E05000514,Havering & Redbridge,VALENTINES,119,13,121,23,725,21,2166,6,50,38,40,0,0,28,0,38
E05000515,Havering & Redbridge,WANSTEAD,269,9,38,19,1502,37,1808,3,174,91,108,0,0,19,2,46
E05000416,Lambeth & Southwark,Bishop`s,198,8,46,19,546,16,1136,4,247,64,81,0,0,10,3,36
E05000417,Lambeth & Southwark,Brixton Hill,497,8,29,20,650,37,2605,9,161,150,48,0,0,27,0,38
E05000418,Lambeth & Southwark,Clapham Common,251,8,18,8,1153,30,1498,3,175,95,20,0,0,18,2,21
E05000419,Lambeth & Southwark,Clapham Town,251,5,35,23,1006,39,1742,10,176,105,37,0,0,25,1,30
E05000420,Lambeth & Southwark,Coldharbour,320,10,33,23,301,23,2305,4,102,101,22,0,0,37,1,48
E05000421,Lambeth & Southwark,Ferndale,422,10,33,18,785,33,2305,5,201,135,33,0,0,31,0,37
E05000422,Lambeth & Southwark,Gipsy Hill,376,11,24,28,622,36,2102,9,153,118,62,0,1,21,0,46
E05000423,Lambeth & Southwark,Herne Hill,768,8,35,20,678,35,3028,11,197,176,40,0,0,25,4,51
E05000424,Lambeth & Southwark,Knight`s Hill,311,8,32,25,632,42,2254,3,157,104,66,0,0,25,2,48
,Lambeth & Southwark,Lambeth Postal Votes,1300,58,248,166,5437,122,8849,24,1142,491,350,0,3,69,16,74
E05000425,Lambeth & Southwark,Larkhall,335,17,42,29,811,51,2329,6,173,114,52,0,0,29,4,45
E05000426,Lambeth & Southwark,Oval,367,10,54,24,692,40,2057,6,265,134,52,0,0,37,2,52
E05000427,Lambeth & Southwark,Prince`s,318,24,46,26,814,30,2311,9,316,155,79,0,0,17,1,63
E05000428,Lambeth & Southwark,St.Leonard`s,389,5,27,16,880,26,2139,7,183,112,53,0,0,27,2,30
E05000429,Lambeth & Southwark,Stockwell,312,17,45,23,746,31,2126,5,199,116,38,0,0,42,3,40
E05000430,Lambeth & Southwark,Streatham Hill,427,13,46,20,815,41,2272,8,267,114,51,0,0,20,3,45
E05000431,Lambeth & Southwark,Streatham South,244,11,36,28,774,27,2137,4,141,86,58,0,0,24,0,43
E05000432,Lambeth & Southwark,Streatham Wells,362,4,35,23,761,35,2195,2,301,139,65,0,0,25,1,27
E05000433,Lambeth & Southwark,Thornton,255,12,23,23,884,24,2051,4,138,69,54,0,0,28,4,35
E05000434,Lambeth & Southwark,Thurlow Park,409,11,40,20,826,41,2248,7,223,139,71,0,0,23,3,35
E05000435,Lambeth & Southwark,Tulse Hill,480,9,39,24,495,38,2756,10,140,136,47,0,0,31,1,53
E05000436,Lambeth & Southwark,Vassall,381,7,48,27,653,49,2451,9,214,138,39,0,0,19,1,44
E05000534,Lambeth & Southwark,Brunswick Park,416,17,20,11,395,28,2191,8,177,111,33,0,0,30,2,62
E05000535,Lambeth & Southwark,Camberwell Green,292,18,40,30,402,37,2363,8,133,84,64,0,0,23,1,37
E05000536,Lambeth & Southwark,Cathedrals,268,20,62,18,599,38,1691,4,442,98,95,0,0,12,1,43
E05000537,Lambeth & Southwark,Chaucer,255,10,41,21,620,24,1874,1,313,112,46,0,0,19,4,43
E05000538,Lambeth & Southwark,College,288,5,37,12,854,20,1856,3,230,107,59,0,0,32,1,25
E05000539,Lambeth & Southwark,East Dulwich,413,12,33,14,714,23,2166,3,333,181,53,0,0,12,1,57
E05000540,Lambeth & Southwark,East Walworth,224,29,27,19,381,21,1629,2,228,69,88,0,0,18,1,73
E05000541,Lambeth & Southwark,Faraday,165,13,29,23,279,21,1474,4,129,49,79,0,0,31,2,46
E05000542,Lambeth & Southwark,Grange BE,274,15,32,42,739,28,1741,6,387,106,106,0,0,24,1,29
E05000543,Lambeth & Southwark,Livesey,198,24,42,27,400,32,1867,11,98,51,123,0,0,26,2,81
E05000544,Lambeth & Southwark,Newington,315,9,35,30,492,34,2385,5,406,104,101,0,0,27,1,40
E05000545,Lambeth & Southwark,Nunhead,369,10,27,21,404,24,2288,5,118,106,70,0,0,12,2,78
E05000546,Lambeth & Southwark,Peckham,219,17,32,19,313,25,2199,4,104,65,40,0,0,16,2,96
E05000547,Lambeth & Southwark,Peckham Rye,462,8,29,20,679,34,2446,5,233,169,66,0,0,21,0,28
E05000548,Lambeth & Southwark,Riverside,226,18,27,29,830,21,1353,3,441,102,106,0,0,16,4,50
E05000549,Lambeth & Southwark,Rotherhithe,240,25,36,26,723,29,1359,5,323,50,127,0,0,9,0,66
E05000550,Lambeth & Southwark,South Bermondsey,141,20,22,43,524,26,1289,9,304,58,165,0,0,17,2,53
E05000551,Lambeth & Southwark,South Camberwell,410,2,24,11,460,22,2209,6,212,117,39,0,0,19,1,32
,Lambeth & Southwark,Southwark Postal Ballots,1092,101,237,307,4711,123,8706,28,1788,461,563,0,0,86,7,69
E05000552,Lambeth & Southwark,Surrey Docks,267,11,27,16,901,17,1140,6,538,65,108,0,0,15,1,49
E05000553,Lambeth & Southwark,The Lane,496,14,30,22,491,44,2833,5,187,129,60,0,0,29,2,40
E05000554,Lambeth & Southwark,Village BE,374,14,24,18,1344,26,1874,6,357,186,61,0,0,9,1,33
E05000455,Merton & Wandsworth,Abbey,223,9,28,15,1039,18,1386,1,160,79,54,0,0,15,6,31
E05000456,Merton & Wandsworth,Cannon Hill,153,25,35,32,1279,21,1182,8,150,42,144,0,0,10,3,52
E05000457,Merton & Wandsworth,Colliers Wood,230,18,32,30,737,34,1943,6,111,66,59,0,0,21,8,31
E05000458,Merton & Wandsworth,Cricket Green,127,22,31,53,688,22,1681,3,72,43,123,0,0,20,5,61
E05000459,Merton & Wandsworth,Dundonald,235,12,12,12,1219,14,1065,0,281,66,45,0,0,10,5,29
E05000460,Merton & Wandsworth,Figge's Marsh,110,25,37,32,599,27,2138,15,106,33,112,0,0,25,20,34
E05000461,Merton & Wandsworth,Graveney,125,7,49,19,562,29,2059,10,82,39,49,0,0,22,7,43
E05000462,Merton & Wandsworth,Hillside,156,4,32,10,1314,10,725,5,163,76,28,0,0,6,9,15
E05000463,Merton & Wandsworth,Lavender Fields,147,20,43,28,493,25,1454,5,100,41,88,0,0,13,14,30
E05000464,Merton & Wandsworth,Longthornton,109,11,37,33,680,37,1634,6,65,30,91,0,0,13,13,31
E05000465,Merton & Wandsworth,Lower Morden,105,17,16,38,1198,18,947,3,91,33,187,0,0,3,10,50
E05000466,Merton & Wandsworth,Merton Park,192,7,33,21,1316,19,1298,6,174,57,58,0,0,15,6,25
E05000467,Merton & Wandsworth,Pollards Hill,83,14,33,43,547,23,1684,8,59,18,141,0,0,28,9,34
,Merton & Wandsworth,Postal Votes,540,69,147,190,6466,94,4944,10,711,271,453,0,0,32,11,63
E05000468,Merton & Wandsworth,Ravensbury,103,24,41,58,780,28,1261,7,87,33,175,0,0,34,6,42
E05000469,Merton & Wandsworth,Raynes Park,211,11,18,17,1474,18,973,1,160,71,49,0,0,13,12,33
E05000470,Merton & Wandsworth,St. Helier,112,23,47,50,907,32,1222,7,94,35,188,0,0,24,15,51
E05000471,Merton & Wandsworth,Trinity,193,7,16,13,1166,16,1241,6,217,98,49,0,1,12,4,25
E05000472,Merton & Wandsworth,Village,88,1,9,10,1802,12,440,3,108,43,30,0,0,5,5,22
E05000473,Merton & Wandsworth,West Barnes,139,12,25,17,1304,24,1120,2,268,47,109,0,0,9,6,39
E05000474,Merton & Wandsworth,Wimbledon Park,206,4,29,12,1559,34,1285,2,205,97,44,0,0,10,3,27
E05000610,Merton & Wandsworth,Balham,240,3,38,11,1758,19,1751,2,181,140,50,0,0,17,3,44
E05000611,Merton & Wandsworth,Bedford,263,7,35,18,1325,25,2539,2,146,106,49,0,0,12,7,35
E05000612,Merton & Wandsworth,Earlsfield,218,9,26,23,1670,31,2300,7,127,90,72,0,0,12,10,49
E05000613,Merton & Wandsworth,East Putney,300,5,31,14,1978,21,1381,0,284,104,43,0,0,8,10,37
E05000614,Merton & Wandsworth,Fairfield BJ,260,12,26,21,1809,27,1494,0,171,101,51,0,0,21,12,26
E05000615,Merton & Wandsworth,Furzedown,227,13,39,18,890,30,3496,4,113,55,59,0,0,10,10,44
E05000461,Merton & Wandsworth,Graveney BJ,223,10,41,17,933,24,3146,4,103,85,61,0,0,12,8,60
E05000617,Merton & Wandsworth,Latchmere,239,17,30,33,961,27,1791,8,84,96,95,0,0,30,9,54
E05000618,Merton & Wandsworth,Nightingale,259,7,29,8,1735,25,2290,3,223,122,46,0,0,16,9,34
E05000619,Merton & Wandsworth,Northcote,249,5,21,10,1850,25,1439,4,183,117,41,0,0,4,5,31
E05000620,Merton & Wandsworth,Queenstown,240,16,41,40,1260,35,1574,2,150,97,67,0,0,11,5,35
E05000621,Merton & Wandsworth,Roehampton and Putney Heath,158,9,52,32,935,27,1215,10,80,51,102,0,0,12,11,57
E05000623,Merton & Wandsworth,Shaftesbury,242,8,17,18,1610,35,1465,2,190,92,52,0,0,15,6,21
E05000624,Merton & Wandsworth,Southfields,307,8,30,14,2068,26,1946,8,216,130,74,0,0,13,9,46
E05000622,Merton & Wandsworth,St Mary`s Park,287,14,35,20,1740,34,1555,3,155,103,49,0,0,16,6,42
E05000625,Merton & Wandsworth,Thamesfield,390,7,27,21,2476,18,1374,3,251,141,50,0,0,8,13,34
E05000626,Merton & Wandsworth,Tooting,240,12,51,18,975,23,3286,8,129,83,54,0,0,19,6,46
E05000627,Merton & Wandsworth,Wandsworth Common,218,5,17,15,1953,22,1596,4,128,85,53,0,0,14,9,38
,Merton & Wandsworth,Wandsworth Postal Batches,1068,93,278,279,14491,148,10246,25,1001,526,588,0,4,69,22,121
E05000628,Merton & Wandsworth,West Hill,255,18,63,37,1613,38,1478,6,178,89,75,0,0,17,9,45
E05000629,Merton & Wandsworth,West Putney,215,11,29,25,1793,17,1247,8,166,91,89,0,0,9,5,35
E05009367,North East,Brownswood,307,3,15,9,268,25,1643,5,111,99,19,0,0,3,7,23
E05009368,North East,Cazenove,288,3,44,18,231,26,1971,3,65,90,13,0,0,5,13,38
E05009369,North East,Clissold,483,8,31,15,273,26,2651,5,104,151,27,0,0,10,13,45
E05009370,North East,Dalston,314,1,28,10,200,18,1487,4,73,86,15,0,0,5,9,25
E05009371,North East,De Beauvoir,244,6,23,5,407,18,1517,4,87,73,36,0,0,7,7,19
E05009372,North East,Hackney Central,379,6,46,18,260,28,2388,7,78,103,29,0,0,8,11,65
E05009373,North East,Hackney Downs,476,10,55,15,221,36,2548,7,106,86,40,0,1,31,17,26
,North East,Hackney Postals,1253,72,311,221,3315,117,10911,25,554,362,389,0,1,47,21,64
E05009374,North East,Hackney Wick,321,11,45,25,276,29,1918,2,76,71,46,0,0,11,7,36
E05009375,North East,Haggerston,286,11,37,21,326,46,1986,12,72,77,51,0,0,15,9,33
E05009376,North East,Homerton,323,9,43,20,225,25,1996,4,75,73,40,0,0,5,15,42
E05009377,North East,Hoxton East & Shoreditch,210,8,25,17,314,31,1390,6,90,73,57,0,0,11,11,38
E05009378,North East,Hoxton West,214,19,33,21,426,24,1616,4,100,76,56,0,0,17,8,36
E05009379,North East,King`s Park,330,17,50,21,246,48,2184,5,58,87,30,0,0,11,6,45
E05009380,North East,Lea Bridge AM,449,9,78,15,229,40,2705,6,100,125,32,0,0,11,11,60
E05009381,North East,London Fields,415,11,30,11,303,30,2278,6,92,115,37,0,0,16,16,30
E05009382,North East,Shacklewell,268,3,19,8,176,15,1595,11,50,77,13,0,0,8,10,22
E05009383,North East,Springfield,172,6,34,12,419,32,1262,7,43,33,18,0,0,12,10,26
E05009384,North East,Stamford Hill West,147,7,16,7,278,10,1007,1,31,41,11,0,0,2,2,21
E05009385,North East,Stoke Newington,513,5,49,15,353,35,3045,9,127,141,45,0,0,16,9,42
E05009386,North East,Victoria,310,9,54,19,338,25,2098,4,82,85,35,0,1,12,6,40
E05009387,North East,Woodberry Down,166,5,27,9,251,15,1306,6,62,65,28,0,0,11,9,29
E05000366,North East,Barnsbury,240,14,27,34,722,21,1798,8,172,119,105,0,0,6,9,33
E05000367,North East,Bunhill,237,19,33,36,668,25,1856,6,161,88,159,0,0,22,13,45
E05000368,North East,Caledonian,295,23,44,36,500,20,2083,3,121,95,100,0,0,18,12,75
E05000369,North East,Canonbury,289,9,36,30,642,28,1762,8,168,142,92,0,0,16,4,42
E05000370,North East,Clerkenwell,304,13,30,30,551,27,1560,2,122,83,112,0,0,17,11,48
E05000371,North East,Finsbury Park,412,12,51,24,430,37,2933,8,143,141,62,0,0,19,14,62
E05000372,North East,Highbury East,381,4,23,21,635,21,2302,2,220,186,52,0,0,12,15,22
E05000373,North East,Highbury West,514,10,55,26,771,47,3178,4,222,228,73,0,0,12,17,60
E05000374,North East,Hillrise,340,13,44,27,433,29,2471,5,139,149,56,1,0,13,16,38
E05000375,North East,Holloway,402,19,53,47,612,47,2590,4,175,141,116,0,0,18,8,62
,North East,Islington Postals,979,51,174,159,3286,105,7859,22,804,392,378,0,2,38,18,55
E05000376,North East,Junction,329,2,37,28,488,36,2298,5,164,119,78,0,0,12,9,40
E05000377,North East,Mildmay,339,8,31,34,489,37,2388,4,141,139,66,0,0,8,11,58
E05000378,North East,St. George`s,399,13,46,17,458,31,2492,7,138,148,65,0,0,15,14,36
E05000379,North East,St. Mary`s,296,7,12,16,639,20,1886,3,169,155,85,0,1,7,7,35
E05000380,North East,St. Peter`s,261,20,27,29,754,30,1768,2,181,134,86,0,0,15,4,31
E05000381,North East,Tollington,385,7,42,14,365,36,2992,5,146,157,52,1,0,22,20,36
E05000590,North East,Cann Hall,190,21,72,27,389,25,1650,6,164,77,57,0,0,14,10,61
E05000591,North East,Cathall,192,20,59,25,337,40,1576,8,76,50,59,0,0,15,4,42
E05000592,North East,Chapel End,287,18,59,29,601,31,1929,4,119,96,90,0,0,10,11,35
E05000593,North East,Chingford Green,163,19,29,45,1542,22,692,3,137,36,188,0,0,11,11,30
E05000594,North East,Endlebury,140,15,44,38,1613,22,832,5,105,26,179,0,0,17,9,42
E05000595,North East,Forest,245,15,56,21,516,24,1750,5,110,75,61,0,0,16,3,41
E05000596,North East,Grove Green,367,12,86,18,462,34,2018,8,132,77,55,0,0,11,14,51
E05000597,North East,Hale End and Highams Park,256,12,74,39,1130,24,1473,5,133,55,128,0,0,9,12,55
E05000598,North East,Hatch Lane,214,24,30,44,1272,18,969,5,99,58,200,0,0,15,6,59
E05000599,North East,High Street,437,17,89,19,471,42,2328,7,124,112,74,0,0,13,12,34
E05000600,North East,Higham Hill,207,19,63,40,440,34,1831,4,117,62,119,0,0,18,9,47
E05000601,North East,Hoe Street,390,15,79,25,513,29,2307,3,110,125,63,0,0,25,14,34
E05000602,North East,Larkswood,104,17,36,44,1150,11,1014,5,112,31,163,0,0,11,10,23
E05009380,North East,Lea Bridge,287,18,134,39,449,26,2253,7,82,61,66,0,0,21,12,48
E05000604,North East,Leyton,195,9,93,35,411,29,1904,13,148,59,54,0,0,19,11,40
E05000605,North East,Leytonstone,348,15,83,27,598,31,2133,1,121,91,52,0,0,21,14,42
E05000606,North East,Markhouse,270,13,125,33,359,26,2205,7,91,88,57,0,0,16,7,42
E05000607,North East,Valley,113,20,54,43,977,31,1039,5,84,35,145,0,0,7,15,56
,North East,Waltham Forest Postals,724,87,501,301,4294,108,6828,21,684,289,636,0,1,41,12,47
E05000608,North East,William Morris,301,18,70,35,479,34,2232,4,110,86,65,0,0,12,5,62
E05000609,North East,Wood Street,314,12,78,23,560,31,2167,6,96,105,69,0,0,12,8,48
E05000346,South West,BEDFONT,97,32,51,70,739,33,896,7,80,27,209,0,0,9,7,91
E05000347,South West,BRENTFORD,310,24,59,50,1034,42,1622,5,119,60,123,0,0,12,13,68
E05000348,South West,CHISWICK HOMEFIELDS,178,11,26,12,1571,24,1009,1,210,92,58,0,0,4,4,41
E05000349,South West,CHISWICK RIVERSIDE,212,2,27,19,1722,22,1104,4,151,114,59,0,0,9,6,48
E05000350,South West,CRANFORD,73,24,67,40,616,28,1374,10,48,30,66,0,0,3,14,71
E05000351,South West,FELTHAM NORTH,77,37,47,50,746,21,886,5,68,21,174,0,1,7,7,54
E05000352,South West,FELTHAM WEST,96,33,42,73,834,27,1040,14,83,43,246,0,0,4,12,54
E05000353,South West,HANWORTH,85,30,40,64,692,31,876,4,89,25,167,0,0,9,9,47
E05000354,South West,HANWORTH PARK,96,28,70,62,971,28,978,7,106,42,205,0,0,3,9,56
E05000355,South West,HESTON CENTRAL,78,31,69,29,815,19,1386,13,39,32,80,0,0,5,13,71
E05000356,South West,HESTON EAST,94,20,63,27,859,41,1462,18,50,30,55,0,0,7,13,91
E05000357,South West,HESTON WEST,93,26,74,43,694,25,1735,7,49,27,78,0,0,19,22,116
E05000358,South West,HOUNSLOW CENTRAL,134,22,85,33,1021,24,1822,13,78,41,86,0,0,12,12,46
E05000359,South West,HOUNSLOW HEATH,119,20,108,37,902,33,1778,16,82,37,54,0,0,12,15,75
,South West,Hounslow Postal Voters,762,107,394,388,7521,133,7133,53,678,362,795,0,0,16,36,71
E05000360,South West,HOUNSLOW SOUTH,194,20,48,41,1284,35,1420,10,117,48,116,0,0,13,13,49
E05000361,South West,HOUNSLOW WEST,109,21,101,42,846,44,1591,11,45,32,59,0,0,12,23,103
E05000362,South West,ISLEWORTH,158,15,45,54,964,35,1326,7,101,55,140,0,0,4,9,49
E05000363,South West,OSTERLEY & SPRING GROVE,177,19,82,25,1461,32,1409,6,104,35,63,0,0,14,15,37
E05000364,South West,SYON,223,20,38,49,1036,38,1418,8,122,76,123,0,0,8,14,78
E05000365,South West,TURNHAM GREEN,199,10,24,16,1451,19,1012,3,193,95,56,0,0,9,10,37
E05000400,South West,Alexandra,96,14,17,10,1244,16,726,5,326,21,96,0,0,4,8,38
E05000401,South West,Berrylands,177,5,23,17,1175,21,819,3,375,44,62,0,0,6,9,27
E05000402,South West,Beverley,164,8,28,17,1240,22,1041,1,303,58,65,0,0,6,10,33
E05000403,South West,Canbury,274,7,26,11,1602,19,1259,5,270,77,53,0,0,10,7,34
E05000404,South West,Chessington North and Hook,94,16,9,30,884,19,460,1,274,20,110,0,0,3,9,24
E05000405,South West,Chessington South,103,16,24,39,1108,12,577,4,275,26,172,0,0,5,12,33
E05000406,South West,Coombe Hill,92,10,22,10,1282,13,626,1,114,37,27,0,0,1,11,33
E05000407,South West,Coombe Vale,151,4,20,10,1530,19,862,0,190,39,42,0,0,10,9,26
E05000408,South West,Grove,192,2,28,10,903,18,957,2,313,67,39,0,0,4,4,16
,South West,Kingston Postal Voters,654,81,212,228,8697,107,3961,31,1674,259,576,0,1,18,26,49
E05000409,South West,Norbiton,164,12,20,22,641,17,993,6,267,42,62,0,1,10,8,19
E05000410,South West,Old Malden,91,14,40,33,1322,13,721,1,244,28,106,0,0,3,8,41
E05000411,South West,St James,100,8,34,16,1131,13,782,4,220,28,89,0,0,9,10,19
E05000412,South West,St Marks,231,4,22,12,950,17,952,1,318,87,50,0,0,2,5,29
E05000413,South West,Surbiton Hill,183,5,15,11,1187,24,923,1,355,49,57,0,0,6,10,24
E05000414,South West,Tolworth and Hook Rise,93,12,30,24,954,25,764,7,320,34,108,0,0,2,12,41
E05000415,South West,Tudor,197,3,12,13,1759,16,751,0,202,48,57,0,0,1,7,33
E05000516,South West,Barnes,134,0,18,12,2077,11,635,1,167,68,30,0,0,3,11,23
E05000517,South West,East Sheen,170,1,11,14,2424,17,761,1,239,87,33,0,0,2,10,24
E05000518,South West,Fulwell & Hampton Hill,242,7,15,9,1511,29,989,1,324,55,59,0,0,7,8,20
E05000519,South West,"Ham, Petersham & Richmond Riverside",253,6,23,14,1684,16,792,2,231,62,73,0,0,6,9,29
E05000520,South West,Hampton,163,8,17,21,1576,15,812,5,330,66,61,0,0,4,9,33
E05000521,South West,Hampton North,139,15,17,30,1255,22,658,2,196,37,91,0,0,3,2,26
E05000522,South West,Hampton Wick,206,14,23,20,1544,20,979,3,248,86,47,0,0,5,7,30
E05000523,South West,Heathfield BD,99,12,42,38,1192,14,795,2,220,30,126,0,0,11,10,40
E05000524,South West,Kew,244,3,29,11,2151,19,903,3,302,85,36,0,0,4,15,27
E05000525,South West,Mortlake & Barnes Common,172,7,16,21,2021,18,871,4,201,79,37,0,0,5,9,31
E05000526,South West,North Richmond,173,6,34,5,1903,26,834,3,251,74,43,0,0,9,8,27
,South West,RuT Postal ,827,42,121,152,11539,83,4030,10,1776,321,406,0,4,18,24,46
E05000528,South West,South Richmond,182,2,14,15,1958,19,829,0,167,72,36,0,0,12,9,22
E05000529,South West,South Twickenham,251,3,12,11,1654,18,938,3,292,86,43,0,0,7,10,21
E05000527,South West,St. Margaret`s & North Twickenham,280,5,19,12,1602,20,1183,1,314,83,32,0,0,5,10,35
E05000530,South West,Teddington,233,4,16,15,1617,18,986,2,366,91,37,0,0,0,15,26
E05000531,South West,Twickenham Riverside,269,3,18,7,1460,22,993,1,248,89,30,0,0,5,6,31
E05000532,South West,West Twickenham,206,10,22,27,1264,14,951,4,300,57,83,0,0,10,9,28
E05000533,South West,Whitton,175,10,36,29,1321,18,834,2,295,50,99,0,0,7,5,30
E05000250,West Central,Addison,211,7,35,16,1060,20,1261,8,137,98,45,0,0,6,10,25
E05000251,West Central,Askew,272,12,53,22,949,44,1965,8,167,106,68,0,0,7,11,50
E05000252,West Central,Avonmore and Brook Green,206,11,67,18,1088,23,1082,3,134,61,45,0,0,15,10,19
E05000253,West Central,College Park and Old Oak,102,16,47,28,373,31,997,4,51,48,93,0,0,14,4,27
E05000254,West Central,Fulham Broadway,118,16,29,30,1068,28,891,4,74,69,74,0,0,16,17,35
E05000255,West Central,Fulham Reach,237,17,42,22,1025,40,1294,8,138,68,76,0,0,12,11,16
,West Central,H&Fpostals,615,51,208,169,6997,82,4816,19,569,308,349,0,8,38,32,75
E05000256,West Central,Hammersmith Broadway,195,11,40,27,847,26,1403,3,142,89,68,0,0,7,6,25
E05000257,West Central,Munster,160,7,16,21,1436,17,721,3,132,58,53,0,0,10,8,20
E05000258,West Central,North End,202,6,40,20,882,25,1259,8,114,81,67,0,1,11,18,27
E05000259,West Central,Palace Riverside,105,4,10,9,1295,17,525,0,106,55,37,0,0,3,9,20
E05000260,West Central,Parsons Green and Walham,84,10,22,27,1628,10,598,3,99,55,44,0,0,8,9,30
E05000261,West Central,Ravenscourt Park,242,5,30,8,1303,34,1178,2,226,109,28,0,0,7,10,24
E05000262,West Central,Sands End,144,10,19,25,1298,21,1000,4,97,62,69,0,1,11,8,37
E05000263,West Central,Shepherds Bush Green,236,9,60,31,646,41,1540,11,133,96,59,0,0,11,9,22
E05000264,West Central,Town AN,140,4,26,6,1305,23,743,2,85,68,60,0,0,6,6,32
E05000265,West Central,Wormholt and White City,170,11,67,26,684,29,1843,9,105,68,92,0,0,20,24,41
E05009388,West Central,Abingdon,76,2,23,4,1123,9,379,2,81,40,21,0,0,7,5,13
E05009389,West Central,Brompton and Hans Town,55,0,21,6,1001,3,230,2,34,24,20,0,0,4,4,12
E05009390,West Central,Campden,62,3,9,7,1151,9,290,1,79,37,24,0,0,2,7,14
E05009391,West Central,Chelsea Riverside,73,16,37,18,947,17,575,3,65,46,43,0,0,6,10,33
E05009392,West Central,Colville,144,8,46,11,647,36,935,2,88,54,32,0,0,10,5,21
E05009393,West Central,Courtfield,60,2,16,9,1032,9,217,1,77,31,17,0,0,5,10,10
E05009394,West Central,Dalgarno,77,15,46,11,361,30,795,3,53,28,45,0,0,7,6,48
E05009395,West Central,Earl`s Court,101,12,28,20,878,12,498,2,138,41,28,0,1,11,9,28
E05009396,West Central,Golborne,97,7,101,9,338,37,1048,5,37,38,42,0,0,18,9,23
E05009397,West Central,Holland,84,3,36,13,895,11,449,0,64,42,16,0,0,3,7,7
E05009398,West Central,Norland,56,4,11,10,844,21,351,2,58,44,26,0,1,6,9,14
E05009399,West Central,Notting Dale,107,13,52,17,473,28,1072,3,49,44,62,0,1,14,13,34
E05009400,West Central,Pembridge,80,4,5,5,598,9,315,0,76,38,16,0,0,3,11,8
E05009401,West Central,Queen`s Gate,64,1,18,1,828,7,243,1,49,22,14,0,0,6,4,9
,West Central,RBKC Postal Batches,334,26,125,63,6621,54,1872,11,399,165,169,1,2,14,19,28
E05009402,West Central,Redcliffe,76,3,15,7,1103,7,367,3,71,38,18,0,1,7,6,20
E05009403,West Central,Royal Hospital,56,8,8,11,1344,12,334,1,57,20,44,0,0,10,4,15
E05009404,West Central,St Helen`s,104,1,45,11,515,20,625,1,75,34,39,0,0,11,7,15
E05009405,West Central,Stanley,76,12,12,18,1157,10,418,3,52,21,46,0,0,2,8,22
E05000630,West Central,Abbey Road,98,4,15,8,1373,6,539,1,85,54,28,0,0,7,16,16
E05000631,West Central,Bayswater,134,2,47,9,906,22,764,1,116,55,37,0,2,10,6,22
E05000632,West Central,Bryanston and Dorset Square,123,4,33,6,1026,14,631,2,100,62,32,0,0,6,8,21
E05000634,West Central,Church Street,87,11,81,39,467,23,1635,3,55,33,73,0,0,48,16,44
E05000633,West Central,Churchill,98,11,34,19,835,24,1064,4,71,60,88,0,0,14,13,24
E05000635,West Central,Harrow Road,163,6,61,15,571,39,1558,5,89,55,59,0,0,22,16,33
E05000636,West Central,Hyde Park,98,4,39,9,935,11,595,2,88,35,27,0,0,4,3,18
E05000637,West Central,Knightsbridge and Belgravia,37,2,6,1,809,5,134,2,33,23,12,0,0,2,8,6
E05000638,West Central,Lancaster Gate,112,6,41,16,1016,22,724,7,115,49,35,0,0,7,3,23
E05000639,West Central,Little Venice,112,5,35,18,1028,17,771,1,98,58,41,0,0,4,6,30
E05000640,West Central,Maida Vale,138,5,41,25,818,13,1008,0,125,61,53,0,1,4,8,24
E05000641,West Central,Marylebone High Street,91,4,16,5,1038,9,481,1,88,47,38,0,0,7,4,18
E05000642,West Central,Queen's Park,167,12,76,26,472,32,1818,2,76,52,55,0,1,20,12,40
E05000643,West Central,Regent's Park,109,6,19,17,1066,9,714,4,68,50,35,0,0,7,7,24
E05000644,West Central,St James's,118,11,36,12,979,21,713,0,118,70,44,0,0,9,7,13
E05000645,West Central,Tachbrook,120,6,14,13,1039,15,725,1,124,52,68,0,0,11,10,25
E05000646,West Central,Vincent Square,132,10,32,20,1049,20,938,6,124,74,67,0,0,20,6,33
E05000647,West Central,Warwick,101,13,34,14,1113,11,659,3,130,66,55,0,1,7,9,29
E05000649,West Central,West End,116,7,36,14,783,9,619,5,80,41,39,0,0,10,5,29
E05000648,West Central,Westbourne,129,17,82,18,481,21,1431,1,66,39,42,0,0,18,16,28
,West Central,Westminster Postal Votes,485,22,265,95,6946,73,3679,25,520,241,251,0,2,34,28,42
