GSS Code,Constituency,Ward,Sian Rebecca BERRY,David FURNESS,George GALLOWAY,Paul GOLDING,Zac GOLDSMITH,Lee HARRIS,Sadiq Aman KHAN,Ankit LOVE,Caroline Valerie PIDGEON,Sophie WALKER,Peter Robin WHITTLE,Prince ZYLINSKI,Unmarked,Uncertain,Voting for too many
E05000064,Bexley & Bromley,BARNEHURST,405,89,59,170,315,48,203,19,319,139,561,18,358,3,1
E05000065,Bexley & Bromley,BELVEDERE,336,84,82,187,302,79,340,24,254,146,388,26,352,20,0
,Bexley & Bromley,BEXLEY POSTAL BATCHES,2025,539,468,1583,2437,220,1972,170,2252,970,3607,162,1374,20,6
E05000066,Bexley & Bromley,BLACKFEN & LAMORBEY,394,94,57,144,314,44,212,24,361,139,732,31,382,7,2
E05000067,Bexley & Bromley,BLENDON & PENHILL,374,105,52,188,327,53,215,24,313,126,766,20,418,0,0
E05000068,Bexley & Bromley,BRAMPTON,441,82,85,201,380,53,243,33,416,159,744,10,393,8,0
E05000069,Bexley & Bromley,CHRISTCHURCH,390,86,55,163,338,55,242,37,335,171,558,21,355,5,1
E05000070,Bexley & Bromley,COLYERS,289,95,46,158,215,39,208,14,223,100,451,15,307,11,0
E05000072,Bexley & Bromley,CRAY MEADOWS,415,81,49,166,261,56,229,26,302,143,538,13,364,2,0
E05000071,Bexley & Bromley,CRAYFORD,370,100,68,159,260,53,243,18,253,141,491,16,321,1,0
E05000073,Bexley & Bromley,DANSON PARK,393,96,61,168,308,52,240,24,293,137,562,19,395,1,0
E05000074,Bexley & Bromley,EAST WICKHAM,303,101,73,169,308,53,259,16,333,121,547,14,337,5,1
E05000075,Bexley & Bromley,ERITH,280,103,71,107,242,51,298,24,196,99,350,17,377,4,1
E05000076,Bexley & Bromley,FALCONWOOD & WELLING,379,117,77,161,310,56,251,39,274,124,648,19,480,3,1
E05000077,Bexley & Bromley,LESNES ABBEY,327,94,64,139,269,48,295,23,242,115,446,16,400,6,0
E05000078,Bexley & Bromley,LONGLANDS,465,75,62,144,300,45,236,28,446,189,617,26,388,2,0
E05000079,Bexley & Bromley,NORTH END AD,208,75,62,114,200,46,284,23,148,95,247,13,402,15,0
E05000080,Bexley & Bromley,NORTHUMBERLAND HEATH,334,95,62,152,309,49,270,22,262,145,549,21,350,2,0
E05000083,Bexley & Bromley,SIDCUP,549,74,65,133,337,76,275,24,443,211,598,26,467,2,1
E05000081,Bexley & Bromley,ST MARY'S,497,88,55,140,341,61,229,22,403,172,712,13,492,2,1
E05000082,Bexley & Bromley,ST MICHAEL'S,348,111,61,153,316,64,266,29,313,118,604,23,355,5,0
E05000084,Bexley & Bromley,THAMESMEAD EAST,245,56,93,97,194,30,309,22,162,137,208,10,346,17,0
E05000106,Bexley & Bromley,Bickley,701,62,91,117,413,95,357,38,696,321,710,42,805,6,1
E05000107,Bexley & Bromley,Biggin Hill,322,85,43,155,287,47,164,23,318,108,780,15,500,1,0
E05000108,Bexley & Bromley,Bromley Common & Keston,696,80,94,161,410,96,343,48,540,230,755,27,574,21,1
E05000109,Bexley & Bromley,Bromley Town,942,59,102,123,474,119,488,49,680,355,514,39,731,5,1
E05000110,Bexley & Bromley,Chelsfield & Pratts Bottom,633,86,71,170,503,93,396,41,713,272,974,37,684,4,0
E05000111,Bexley & Bromley,Chislehurst,712,46,81,141,395,85,345,43,643,259,749,32,783,4,0
E05000112,Bexley & Bromley,Clock House,1218,54,106,118,415,157,686,43,757,442,407,37,464,3,0
E05000113,Bexley & Bromley,Copers Cope,932,46,86,117,403,124,460,41,729,368,591,32,707,12,2
E05000114,Bexley & Bromley,Cray Valley East,371,98,71,137,316,66,278,28,390,146,493,24,554,3,1
E05000115,Bexley & Bromley,Cray Valley West,408,124,82,182,334,65,294,22,347,147,549,22,457,5,0
E05000116,Bexley & Bromley,Crystal Palace,891,26,101,51,229,106,561,33,388,366,158,33,293,6,0
E05000117,Bexley & Bromley,Darwin,168,31,31,57,182,26,80,10,129,79,425,5,353,2,0
E05000118,Bexley & Bromley,Farnborough & Crofton,698,87,88,182,464,86,341,26,725,253,1000,32,787,8,1
E05000119,Bexley & Bromley,Hayes & Coney Hall,803,91,73,200,491,106,356,43,688,231,1003,24,880,1,0
E05000120,Bexley & Bromley,Kelsey and Eden Park,819,68,74,120,471,104,467,39,643,348,650,29,836,6,0
E05000121,Bexley & Bromley,Mottingham & Chislehurst North,359,52,48,110,240,61,214,15,252,149,363,13,345,4,0
E05000122,Bexley & Bromley,Orpington,647,74,81,193,480,82,358,45,677,222,827,38,697,4,3
E05000123,Bexley & Bromley,Penge and Cator,1194,66,178,125,360,149,680,40,582,493,326,32,506,3,0
E05000124,Bexley & Bromley,Petts Wood & Knoll,840,68,57,119,505,81,366,65,800,294,990,29,701,6,0
E05000125,Bexley & Bromley,Plaistow & Sundridge,774,53,106,154,427,94,504,31,637,309,584,29,463,11,1
,Bexley & Bromley,Postals Bromley,3696,517,548,1775,2650,392,2325,239,4826,1621,5171,221,1966,15,5
E05000126,Bexley & Bromley,Shortlands,529,27,50,72,285,65,236,26,473,225,466,19,741,2,0
E05000127,Bexley & Bromley,West Wickham,840,79,83,157,451,100,424,43,836,296,929,38,551,9,2
E05000085,Brent & Harrow,Alperton,360,103,158,88,641,119,1188,106,408,174,174,50,746,2,2
E05000086,Brent & Harrow,Barnhill,517,45,332,104,447,85,677,62,325,233,193,34,719,2,1
,Brent & Harrow,Brent Postals,2300,220,1187,556,2377,368,3112,338,2500,1218,939,191,1297,3,4
E05000087,Brent & Harrow,Brondesbury Park,633,27,159,46,247,109,457,42,431,310,124,24,472,0,1
E05000088,Brent & Harrow,Dollis Hill,286,33,324,58,257,75,507,29,312,142,142,23,611,1,1
E05000089,Brent & Harrow,Dudden Hill,531,29,271,63,318,89,621,28,483,245,131,33,718,4,0
E05000090,Brent & Harrow,Fryent,432,42,266,87,391,89,567,58,270,153,228,26,513,0,1
E05000091,Brent & Harrow,Harlesden,472,29,260,60,234,110,626,37,267,225,94,32,574,2,2
E05000092,Brent & Harrow,Kensal Green,664,17,176,55,248,106,532,37,343,320,106,28,522,0,4
E05000093,Brent & Harrow,Kenton,472,40,170,83,524,70,465,89,384,160,221,25,610,0,1
E05000094,Brent & Harrow,Kilburn,782,22,237,64,275,134,814,48,483,398,154,30,639,3,1
E05000095,Brent & Harrow,Mapesbury,680,16,222,46,302,106,559,33,487,317,150,33,526,0,0
E05000096,Brent & Harrow,Northwick Park,484,30,266,92,458,74,503,68,368,204,228,30,573,1,0
E05000097,Brent & Harrow,Preston,520,46,228,88,484,111,651,65,335,222,198,38,567,0,2
E05000098,Brent & Harrow,Queens Park,1000,23,125,52,340,127,581,41,468,480,160,25,440,0,0
E05000099,Brent & Harrow,Queensbury,495,66,213,100,575,94,668,87,313,217,227,41,745,1,1
E05000100,Brent & Harrow,Stonebridge,350,37,320,75,239,113,688,41,230,233,123,23,809,0,0
E05000101,Brent & Harrow,Sudbury,293,51,224,75,448,73,691,71,436,162,158,35,855,3,0
E05000102,Brent & Harrow,Tokyngton,387,57,253,86,459,106,818,70,318,219,120,47,745,3,4
E05000103,Brent & Harrow,Welsh Harp,328,51,221,99,333,75,501,48,296,164,190,30,689,1,1
E05000104,Brent & Harrow,Wembley Central,361,74,221,87,602,108,1036,103,353,195,145,33,629,2,2
E05000105,Brent & Harrow,Willesden Green,599,35,174,52,275,103,625,39,351,235,98,30,528,1,0
E05000285,Brent & Harrow,Belmont,421,28,121,65,391,65,361,60,336,141,303,21,635,1,2
E05000286,Brent & Harrow,Canons,411,22,132,59,371,94,342,60,376,246,226,29,806,3,0
E05000287,Brent & Harrow,Edgware,319,34,165,87,385,71,427,48,241,182,200,31,502,3,4
E05000288,Brent & Harrow,Greenhill,412,31,157,59,322,48,397,52,335,190,180,26,368,2,2
E05000289,Brent & Harrow,Harrow on the Hill,477,39,102,63,329,63,353,43,321,195,221,34,366,1,0
,Brent & Harrow,Harrow Postals,2981,295,1163,1100,3310,415,3673,427,3500,1606,2271,275,2410,3,6
E05000290,Brent & Harrow,Harrow Weald,326,34,142,84,288,67,305,52,377,144,309,20,507,3,1
E05000291,Brent & Harrow,Hatch End,481,33,100,74,341,78,318,70,454,192,341,36,617,1,1
E05000292,Brent & Harrow,Headstone North,490,35,140,104,365,72,356,51,421,189,330,37,574,0,0
E05000293,Brent & Harrow,Headstone South,601,32,155,70,306,66,447,57,349,192,205,30,380,0,0
E05000294,Brent & Harrow,Kenton East,286,52,146,94,394,66,443,66,198,125,171,19,524,1,0
E05000295,Brent & Harrow,Kenton West,383,39,129,96,470,67,419,61,284,145,202,16,703,1,0
E05000296,Brent & Harrow,Marlborough,380,59,193,72,347,73,473,51,276,190,151,24,507,2,1
E05000297,Brent & Harrow,Pinner,455,22,91,71,301,54,285,32,461,208,309,23,555,0,1
E05000298,Brent & Harrow,Pinner South,493,41,116,58,339,61,328,47,479,197,340,28,748,0,0
E05000099,Brent & Harrow,Queensbury AQ,322,50,125,75,450,54,481,74,247,141,164,16,567,0,3
E05000300,Brent & Harrow,Rayners Lane,415,41,113,69,446,65,506,45,384,159,233,32,491,0,2
E05000301,Brent & Harrow,Roxbourne,349,61,171,87,388,107,509,47,237,174,186,33,619,1,0
E05000302,Brent & Harrow,Roxeth,374,64,150,79,379,67,527,41,232,150,224,32,422,3,1
E05000303,Brent & Harrow,Stanmore Park,322,32,112,65,265,79,243,41,329,154,252,30,959,0,0
E05000304,Brent & Harrow,Wealdstone,297,45,161,94,241,76,409,41,234,126,173,20,512,2,2
E05000305,Brent & Harrow,West Harrow,491,35,137,70,312,56,449,41,342,191,248,19,515,0,1
,Barnet & Camden,Barnet Postal,4716,363,1120,1274,4161,769,4061,414,4641,2358,2968,425,3857,5,5
E05000043,Barnet & Camden,Brunswick Park AC,736,51,178,83,407,114,457,55,490,309,377,30,600,0,0
E05000044,Barnet & Camden,Burnt Oak,377,58,176,108,293,85,536,41,251,173,209,31,577,1,1
E05000045,Barnet & Camden,Childs Hill,706,20,131,57,425,170,464,53,666,323,239,58,692,1,1
E05000046,Barnet & Camden,Colindale,419,32,207,46,327,76,549,32,275,181,202,38,807,1,2
E05000047,Barnet & Camden,Coppetts,962,44,147,73,403,107,538,55,502,398,270,25,470,0,0
E05000048,Barnet & Camden,East Barnet,786,58,99,105,335,112,458,28,476,262,407,30,642,0,2
E05000049,Barnet & Camden,East Finchley,1096,20,139,66,352,130,649,57,562,571,210,30,570,1,6
E05000050,Barnet & Camden,Edgware AC,396,15,75,79,406,116,356,57,486,251,314,32,1157,0,2
E05000051,Barnet & Camden,Finchley Church End,633,25,76,65,417,161,377,47,560,443,296,48,1099,0,3
E05000052,Barnet & Camden,Garden Suburb,700,15,80,47,404,177,344,52,661,493,241,45,1137,0,0
E05000053,Barnet & Camden,Golders Green,409,29,101,74,396,114,330,46,342,206,243,56,1155,4,0
E05000054,Barnet & Camden,Hale,524,40,170,101,449,135,476,70,441,271,360,34,860,0,2
E05000055,Barnet & Camden,Hendon,460,28,94,66,407,169,313,34,379,286,297,55,947,1,1
E05000056,Barnet & Camden,High Barnet,1186,42,113,103,407,124,548,50,697,378,490,41,597,0,2
E05000057,Barnet & Camden,Mill Hill,728,35,131,79,403,161,388,50,565,321,312,33,1184,0,0
E05000058,Barnet & Camden,Oakleigh,795,43,116,84,446,141,438,46,598,312,450,33,700,0,1
E05000059,Barnet & Camden,Totteridge,584,28,86,62,326,93,291,46,535,292,279,34,989,1,1
E05000060,Barnet & Camden,Underhill,856,54,101,143,423,123,503,58,511,265,438,44,548,0,0
E05000061,Barnet & Camden,West Finchley,836,26,129,62,362,114,493,51,507,426,202,30,542,2,2
E05000062,Barnet & Camden,West Hendon,421,30,158,79,390,109,396,55,304,230,234,31,756,0,2
E05000063,Barnet & Camden,Woodhouse,861,32,155,70,395,109,591,53,465,450,296,47,620,1,0
E05000128,Barnet & Camden,BELSIZE,599,18,75,28,254,104,413,25,475,334,135,35,580,1,1
E05000129,Barnet & Camden,BLOOMSBURY,500,19,87,29,136,66,359,14,264,196,109,21,296,1,1
,Barnet & Camden,CAMDEN POSTALS,3022,134,637,368,1203,368,2008,143,2569,1315,940,156,1767,3,8
E05000130,Barnet & Camden,CAMDEN TOWN WITH PRIMROSE HILL,930,16,133,39,234,127,531,34,423,351,135,29,367,1,3
E05000131,Barnet & Camden,CANTELOWES,961,24,155,43,187,98,591,28,349,373,87,16,364,0,2
E05000132,Barnet & Camden,FORTUNE GREEN,691,16,81,31,280,100,466,23,585,320,139,21,370,1,3
E05000133,Barnet & Camden,FROGNAL AND FITZJOHNS,541,5,65,21,229,68,276,24,368,272,144,37,418,0,0
E05000134,Barnet & Camden,GOSPEL OAK,872,30,142,43,200,79,551,32,333,294,129,13,494,1,1
E05000135,Barnet & Camden,HAMPSTEAD TOWN,697,6,49,18,202,71,384,28,441,339,131,26,350,1,0
E05000136,Barnet & Camden,HAVERSTOCK,700,30,164,52,201,96,566,24,394,291,121,17,591,0,0
E05000137,Barnet & Camden,HIGHGATE,1217,29,84,48,224,107,573,34,353,408,166,26,421,6,0
E05000138,Barnet & Camden,HOLBORN AND COVENT GARDEN,698,23,189,47,185,86,536,27,295,275,154,36,455,1,0
E05000139,Barnet & Camden,KENTISH TOWN,1356,29,144,45,203,117,760,26,415,502,121,21,464,1,0
E05000140,Barnet & Camden,KILBURN AG,581,23,152,55,197,92,482,19,383,248,132,18,533,3,1
E05000141,Barnet & Camden,KINGS CROSS,570,13,143,31,157,59,460,27,230,197,77,18,324,1,1
E05000142,Barnet & Camden,REGENTS PARK,704,26,167,45,215,113,541,21,246,242,145,19,507,1,1
E05000143,Barnet & Camden,ST. PANCRAS AND SOMERS TOWN,714,33,249,48,218,89,724,32,265,240,147,21,661,2,2
E05000144,Barnet & Camden,SWISS COTTAGE,650,15,105,43,238,101,425,29,467,361,132,39,429,1,1
E05000145,Barnet & Camden,WEST HAMPSTEAD,741,16,129,41,277,122,525,41,557,341,142,29,337,2,4
E05000026,City & East,Abbey AB,279,37,315,52,317,56,595,47,153,173,118,21,493,0,5
E05000027,City & East,Alibon,151,110,78,109,166,35,246,16,121,98,236,13,257,0,1
,City & East,BD Postal Votes,1150,436,892,794,1464,201,2035,152,1002,762,1306,136,903,2,15
E05000028,City & East,Becontree,262,96,180,112,250,61,384,24,158,141,235,22,358,2,11
E05000029,City & East,Chadwell Heath,221,56,107,116,222,46,340,18,169,118,286,18,317,0,6
E05000030,City & East,Eastbrook,219,101,87,125,258,52,226,19,152,99,366,13,238,1,0
E05000031,City & East,Eastbury,214,78,166,95,178,38,286,19,125,103,205,14,497,1,2
E05000032,City & East,Gascoigne,207,36,122,46,222,39,495,21,111,113,104,11,392,0,3
E05000033,City & East,Goresbrook,206,72,86,114,178,36,310,9,124,96,251,14,270,0,2
E05000034,City & East,Heath,197,91,96,118,190,49,305,22,127,88,229,12,276,0,4
E05000035,City & East,Longbridge,368,39,408,65,299,58,468,17,168,150,289,24,572,0,4
E05000036,City & East,Mayesbrook,186,78,79,108,181,39,296,18,103,69,239,16,141,3,2
E05000037,City & East,Parsloes,160,60,87,102,161,37,213,14,90,82,219,16,313,0,1
E05000038,City & East,River,163,81,98,90,196,42,303,25,111,86,202,13,249,0,1
E05000039,City & East,Thames,189,77,173,82,205,59,465,31,150,108,151,18,427,0,7
E05000040,City & East,Valence,197,92,94,125,158,44,276,20,114,106,218,15,281,1,6
E05000041,City & East,Village AB,196,97,89,120,191,39,316,18,109,113,288,19,252,0,4
E05000042,City & East,Whalebone,230,53,132,87,206,42,299,31,168,118,283,13,408,0,2
,City & East,London,519,6,57,27,149,48,277,13,341,260,154,29,291,1,1
,City & East,London Postals,249,8,33,25,108,27,144,6,246,131,105,13,201,0,0
E05000475,City & East,Beckton,272,43,198,71,211,84,422,35,168,142,143,28,485,0,2
E05000476,City & East,Boleyn,370,47,450,67,312,81,639,42,264,221,131,30,740,2,15
E05000477,City & East,Canning Town North,383,60,257,97,259,98,578,29,188,190,168,32,468,1,5
E05000478,City & East,Canning Town South,332,50,198,91,270,65,473,29,214,188,233,27,612,0,3
E05000479,City & East,Custom House,276,62,159,73,252,60,392,21,145,156,151,23,313,0,3
E05000480,City & East,East Ham Central,386,56,473,64,429,69,906,50,181,178,126,31,602,2,3
E05000481,City & East,East Ham North,383,43,636,45,443,63,836,56,190,163,114,31,705,1,9
E05000482,City & East,East Ham South,350,63,298,75,276,77,623,32,181,169,149,27,842,0,10
E05000483,City & East,Forest Gate North,719,12,332,64,247,111,642,41,246,277,143,27,579,0,2
E05000484,City & East,Forest Gate South,531,35,449,50,287,87,666,39,240,248,127,27,692,1,1
E05000485,City & East,Green Street East,345,35,443,41,344,71,787,35,153,169,76,20,1160,2,6
E05000486,City & East,Green Street West,328,24,536,33,280,85,649,31,122,148,56,19,1052,1,1
E05000487,City & East,Little Ilford,320,45,541,63,335,91,728,29,180,161,101,19,838,1,1
E05000488,City & East,Manor Park,346,30,464,50,240,55,652,28,174,197,83,22,886,2,10
,City & East,Newham Postal Votes,2065,285,2225,554,2331,390,3365,283,1594,1192,990,201,1340,1,16
E05000489,City & East,Plaistow North,397,27,405,63,207,81,513,36,190,188,116,16,762,4,2
E05000490,City & East,Plaistow South,422,50,349,80,307,64,600,33,179,205,188,18,670,0,5
E05000491,City & East,Royal Docks,364,23,117,52,214,64,335,26,230,154,141,27,364,0,5
E05000492,City & East,Stratford and New Town,971,48,363,90,462,160,1023,44,548,443,162,49,661,0,3
E05000493,City & East,Wall End,313,47,392,76,427,78,817,44,210,178,140,26,951,1,7
E05000494,City & East,West Ham,448,33,224,77,241,82,566,33,246,204,137,16,615,0,7
E05009317,City & East,Bethnal Green,1204,48,410,75,211,127,918,30,387,411,222,22,1058,0,4
E05009318,City & East,Blackwall and Cubitt Town,403,29,192,49,260,80,394,32,298,178,180,25,455,0,12
E05009319,City & East,Bow East,1081,41,214,75,274,153,759,33,394,384,205,18,760,0,20
E05009320,City & East,Bow West,919,32,215,76,204,88,596,28,373,349,183,17,589,2,3
E05009321,City & East,Bromley North,364,25,248,20,156,46,376,20,157,166,72,18,619,0,4
E05009322,City & East,Bromley South,425,28,334,25,172,94,491,15,207,167,78,9,770,1,4
E05009323,City & East,Canary Wharf,292,17,178,45,168,49,282,18,243,140,137,26,413,0,0
E05009324,City & East,Island Gardens,477,51,178,56,223,81,337,33,334,200,210,23,640,2,1
E05009325,City & East,Lansbury,475,51,386,71,223,98,564,29,230,207,188,18,1212,1,1
E05009326,City & East,Limehouse,269,8,105,18,131,44,247,7,235,111,99,19,241,0,4
E05009327,City & East,Mile End,588,32,488,71,246,81,664,35,281,254,135,20,1278,2,5
E05009328,City & East,Poplar,143,12,171,20,76,31,245,13,47,59,51,9,446,0,0
E05009332,City & East,Shadwell,444,20,402,52,147,64,497,20,176,176,87,19,857,1,2
E05009333,City & East,Spitalfields and Banglatown,474,11,249,18,127,76,394,22,221,172,57,7,872,0,3
E05009329,City & East,St. Dunstan`s,534,21,455,37,151,85,551,17,226,192,89,19,896,0,3
E05009330,City & East,St. Katharine`s and Wapping,528,14,167,30,222,92,424,22,483,250,196,14,380,0,2
E05009331,City & East,St. Peter`s BG,1039,40,410,40,195,156,819,24,321,368,140,18,996,0,11
E05009334,City & East,Stepney Green,459,27,376,41,145,72,463,14,159,150,94,14,1085,0,3
,City & East,TH Postal Votes,2653,225,2484,412,1514,369,2627,141,2155,1101,1054,142,2341,0,12
E05009335,City & East,Weavers,688,30,235,24,138,100,512,19,249,266,84,9,578,2,1
E05009336,City & East,Whitechapel,599,20,415,14,195,108,645,22,293,247,90,18,791,0,2
E05000146,Croydon & Sutton,Addiscombe,809,53,128,86,355,113,553,40,443,250,314,29,627,1,0
E05000147,Croydon & Sutton,Ashburton,629,53,107,123,355,87,421,44,455,191,497,29,876,1,0
E05000148,Croydon & Sutton,Bensham Manor,586,36,231,65,365,93,584,55,305,225,155,40,742,2,0
E05000149,Croydon & Sutton,Broad Green,454,72,216,86,464,96,724,42,244,186,182,42,934,4,1
E05000150,Croydon & Sutton,Coulsdon East,489,63,70,145,373,67,294,45,576,176,572,29,487,0,1
E05000151,Croydon & Sutton,Coulsdon West,552,40,103,121,380,66,348,31,525,207,502,33,524,1,0
E05000152,Croydon & Sutton,Croham,827,27,94,90,386,116,495,54,774,292,404,47,455,1,1
,Croydon & Sutton,Croydon Postal Votes,4427,504,1251,1599,3499,547,3963,333,4542,2175,3835,341,2916,6,8
E05000153,Croydon & Sutton,Fairfield,663,50,168,77,470,84,550,52,515,248,302,54,500,1,1
E05000154,Croydon & Sutton,Fieldway,164,71,43,85,154,46,298,11,108,83,201,18,292,2,0
E05000155,Croydon & Sutton,Heathfield,555,69,100,122,395,66,309,44,411,176,549,31,695,1,2
E05000156,Croydon & Sutton,Kenley,563,52,85,109,347,83,294,40,538,217,569,30,761,0,0
E05000157,Croydon & Sutton,New Addington,184,102,43,97,190,52,193,19,128,89,248,8,299,0,1
E05000158,Croydon & Sutton,Norbury,688,36,327,85,399,94,628,51,408,301,290,43,667,0,0
E05000159,Croydon & Sutton,Purley,665,41,137,100,377,91,375,32,572,243,512,35,536,3,0
E05000160,Croydon & Sutton,Sanderstead,669,62,104,149,447,78,336,41,632,227,660,29,515,0,0
E05000161,Croydon & Sutton,Selhurst,524,36,180,92,333,98,581,35,281,209,163,34,731,1,0
E05000162,Croydon & Sutton,Selsdon and Ballards,599,60,83,152,431,62,306,33,532,154,653,26,592,1,1
E05000163,Croydon & Sutton,Shirley,589,70,108,132,387,87,333,44,523,207,615,34,894,1,0
E05000164,Croydon & Sutton,South Norwood,1055,37,155,78,321,107,631,41,505,364,233,29,466,0,1
E05000165,Croydon & Sutton,Thornton Heath,640,45,211,85,307,108,594,65,342,246,181,25,634,1,2
E05000166,Croydon & Sutton,Upper Norwood,880,37,213,68,326,139,546,32,430,290,243,40,771,0,1
E05000167,Croydon & Sutton,Waddon,620,51,156,110,385,102,443,37,353,207,313,36,510,0,1
E05000168,Croydon & Sutton,West Thornton,429,33,264,70,477,92,767,54,280,227,162,42,770,1,2
E05000169,Croydon & Sutton,Woodside,782,36,159,86,334,110,526,36,385,276,259,33,481,1,0
E05000555,Croydon & Sutton,Beddington North,366,48,77,96,261,57,255,29,454,101,377,19,296,1,7
E05000556,Croydon & Sutton,Beddington South,275,52,64,85,283,49,290,24,549,99,352,17,338,1,2
E05000557,Croydon & Sutton,Belmont BF,421,29,71,71,319,58,321,20,557,160,418,20,348,0,0
E05000558,Croydon & Sutton,Carshalton Central,497,49,70,82,289,68,363,24,691,180,417,15,306,1,0
E05000559,Croydon & Sutton,Carshalton South and Clockhouse,418,51,66,87,357,64,292,30,748,127,412,20,308,0,1
E05000560,Croydon & Sutton,Cheam,362,32,75,88,373,51,260,26,653,153,460,27,411,0,0
E05000561,Croydon & Sutton,Nonsuch,425,68,79,113,350,70,255,24,698,151,476,21,386,1,3
E05000562,Croydon & Sutton,St Helier,172,68,79,94,220,39,236,21,291,89,253,23,343,0,10
E05000563,Croydon & Sutton,Stonecot,355,65,78,124,328,53,306,21,517,134,471,14,394,0,1
E05000564,Croydon & Sutton,Sutton Central,375,46,83,74,271,71,359,27,537,162,263,23,292,1,0
E05000565,Croydon & Sutton,Sutton North,334,53,64,113,295,62,255,29,521,121,392,26,291,1,0
,Croydon & Sutton,Sutton Postal Votes,1977,401,470,1030,2039,265,1984,143,4358,939,2631,126,1521,1,5
E05000566,Croydon & Sutton,Sutton South,320,33,75,72,275,49,283,23,513,154,251,31,286,0,1
E05000567,Croydon & Sutton,Sutton West,410,38,81,87,315,55,315,29,645,165,341,26,246,0,1
E05000568,Croydon & Sutton,The Wrythe,326,48,57,77,266,42,223,12,467,105,351,10,313,0,1
E05000569,Croydon & Sutton,Wallington North,421,30,77,108,333,52,322,19,645,134,426,24,262,1,0
E05000570,Croydon & Sutton,Wallington South,415,36,55,74,316,54,299,26,689,139,362,30,253,0,1
E05000571,Croydon & Sutton,Wandle Valley,250,56,59,87,203,55,282,19,413,109,270,19,371,0,1
E05000572,Croydon & Sutton,Worcester Park,457,70,76,136,379,73,339,32,688,140,471,31,273,2,0
E05000170,Ealing & Hillingdon,Acton Central,847,37,185,80,300,135,538,42,384,306,193,90,645,1,7
E05000171,Ealing & Hillingdon,Cleveland,937,39,166,94,387,133,598,40,675,362,343,98,721,0,11
E05000172,Ealing & Hillingdon,Dormers Wells,368,67,306,89,506,90,997,86,211,184,147,49,673,2,14
E05000173,Ealing & Hillingdon,Ealing Broadway,873,30,131,53,385,102,488,44,687,368,285,104,667,1,8
E05000174,Ealing & Hillingdon,Ealing Common,772,39,124,75,396,109,575,31,708,301,260,77,485,0,1
E05000175,Ealing & Hillingdon,East Acton,730,41,277,101,352,175,686,37,431,281,233,83,625,3,28
E05000176,Ealing & Hillingdon,Elthorne,1085,34,182,94,332,122,661,40,474,373,251,83,536,1,8
E05000177,Ealing & Hillingdon,Greenford Broadway,545,102,294,142,524,122,810,73,317,258,278,87,624,2,12
E05000178,Ealing & Hillingdon,Greenford Green,534,63,228,135,483,111,595,56,330,221,328,82,591,1,18
E05000179,Ealing & Hillingdon,Hanger Hill,691,35,190,65,403,105,462,39,531,294,290,95,726,2,8
E05000180,Ealing & Hillingdon,Hobbayne,854,51,203,96,342,108,609,47,404,323,276,99,780,2,5
E05000181,Ealing & Hillingdon,Lady Margaret,340,54,204,76,617,123,1104,82,226,194,146,53,624,1,8
E05000183,Ealing & Hillingdon,North Greenford,531,72,261,138,518,107,692,76,379,224,335,72,548,0,17
E05000182,Ealing & Hillingdon,Northfield,1183,26,107,60,383,141,647,48,657,431,250,70,464,0,5
E05000184,Ealing & Hillingdon,Northolt Mandeville,417,82,228,138,429,109,549,37,328,229,357,55,597,1,10
E05000185,Ealing & Hillingdon,Northolt West End,359,89,231,127,417,102,676,34,222,184,309,43,829,0,9
E05000186,Ealing & Hillingdon,Norwood Green,401,39,198,65,426,91,901,68,211,194,166,36,599,1,60
E05000187,Ealing & Hillingdon,Perivale,520,61,317,137,497,108,644,55,309,204,337,98,637,3,43
,Ealing & Hillingdon,Postal AJ,3079,272,1148,749,2531,419,3514,308,2879,1563,1518,450,1496,1,42
E05000188,Ealing & Hillingdon,South Acton,775,43,193,89,347,139,704,31,485,334,206,88,389,1,3
E05000189,Ealing & Hillingdon,Southall Broadway,334,81,253,94,537,94,1383,86,196,189,106,42,712,4,24
E05000190,Ealing & Hillingdon,Southall Green,322,60,251,80,496,101,1437,84,168,199,117,33,883,4,11
E05000191,Ealing & Hillingdon,Southfield,853,26,92,79,390,128,563,51,1059,413,266,56,465,0,1
E05000192,Ealing & Hillingdon,Walpole,1191,38,133,69,406,129,614,37,656,490,214,84,493,1,4
E05000324,Ealing & Hillingdon,Barnhill AS,277,54,136,92,430,80,652,49,196,146,233,23,743,1,21
E05000325,Ealing & Hillingdon,Botwell,322,65,212,115,419,78,694,46,196,189,253,22,776,0,7
E05000326,Ealing & Hillingdon,Brunel,319,69,92,74,219,46,231,22,179,118,297,15,454,2,4
E05000327,Ealing & Hillingdon,Cavendish,532,75,86,164,350,73,316,48,499,152,585,28,634,1,4
E05000328,Ealing & Hillingdon,Charville,355,82,131,141,414,62,472,44,199,143,464,21,417,0,9
E05000329,Ealing & Hillingdon,Eastcote and East Ruislip,672,63,90,148,446,67,328,35,591,216,731,39,876,0,2
E05000330,Ealing & Hillingdon,Harefield,236,81,42,107,195,35,161,21,186,76,345,11,237,0,2
E05000331,Ealing & Hillingdon,Heathrow Villages,249,58,128,96,286,54,369,24,144,107,298,19,448,0,6
E05000332,Ealing & Hillingdon,Hillingdon East,400,82,108,144,354,66,308,33,320,159,411,21,488,0,3
E05000333,Ealing & Hillingdon,Ickenham,516,76,82,147,343,69,271,32,476,169,620,34,596,0,4
E05000334,Ealing & Hillingdon,Manor,591,88,88,170,379,91,303,36,464,170,574,26,562,0,1
E05000335,Ealing & Hillingdon,Northwood,496,30,116,86,320,59,284,43,485,188,367,45,509,1,1
E05000336,Ealing & Hillingdon,Northwood Hills,386,41,101,94,308,67,265,40,347,135,326,21,806,0,0
E05000337,Ealing & Hillingdon,Pinkwell,265,61,169,86,407,87,546,60,174,153,227,39,781,0,6
,Ealing & Hillingdon,Postal AS,2498,439,832,1367,2564,345,2516,274,2653,1322,3049,227,1290,1,17
E05000338,Ealing & Hillingdon,South Ruislip,370,73,109,135,314,75,282,36,306,142,433,34,463,1,3
E05000339,Ealing & Hillingdon,Townfield,282,65,190,103,381,66,697,56,160,174,226,28,877,0,12
E05000340,Ealing & Hillingdon,Uxbridge North,491,53,110,122,363,71,342,35,387,167,483,28,551,0,7
E05000341,Ealing & Hillingdon,Uxbridge South,484,70,115,117,316,67,361,34,259,144,336,28,345,0,4
E05000342,Ealing & Hillingdon,West Drayton,357,112,145,138,362,91,426,32,254,149,451,40,609,2,4
E05000343,Ealing & Hillingdon,West Ruislip,534,69,90,122,350,79,270,29,451,169,567,26,427,0,1
E05000344,Ealing & Hillingdon,Yeading,278,51,189,94,376,93,542,54,201,144,214,35,721,1,8
E05000345,Ealing & Hillingdon,Yiewsley,325,92,107,137,251,76,287,35,171,116,367,29,471,0,3
E05000193,Enfield & Haringey,Bowes,825,20,164,35,260,86,541,37,297,293,131,29,649,1,1
E05000194,Enfield & Haringey,Bush Hill Park,723,63,131,120,360,106,444,39,476,243,464,35,621,2,0
E05000195,Enfield & Haringey,Chase,712,56,78,136,325,87,431,29,388,223,425,19,485,1,2
E05000196,Enfield & Haringey,Cockfosters,530,38,119,68,346,102,288,37,457,263,387,35,952,0,0
E05000197,Enfield & Haringey,Edmonton Green,400,60,193,69,261,88,668,54,212,169,146,17,913,1,1
E05000198,Enfield & Haringey,Enfield Highway,334,74,128,121,277,94,569,34,213,126,236,16,659,0,0
E05000199,Enfield & Haringey,Enfield Lock,436,71,147,100,318,87,602,41,235,149,314,27,602,2,4
E05000200,Enfield & Haringey,Grange,697,41,113,110,394,109,371,30,502,245,453,41,912,1,2
E05000201,Enfield & Haringey,Haselbury,415,47,177,74,305,107,600,52,215,187,212,34,765,2,1
E05000202,Enfield & Haringey,Highlands,689,51,135,121,401,90,404,43,467,235,517,27,674,0,0
E05000203,Enfield & Haringey,Jubilee,399,62,172,101,294,84,480,41,231,153,256,19,705,2,2
E05000204,Enfield & Haringey,Lower Edmonton,407,45,199,99,285,89,648,50,254,203,171,22,641,1,1
E05000205,Enfield & Haringey,Palmers Green,796,44,174,60,326,96,537,39,370,276,219,25,692,1,0
E05000206,Enfield & Haringey,Ponders End,330,49,178,66,236,50,540,28,169,143,148,23,798,0,1
,Enfield & Haringey,Postal,2746,287,680,889,2023,328,2567,206,2325,1189,1959,154,1533,3,4
E05000207,Enfield & Haringey,Southbury,577,53,127,94,286,85,445,33,295,194,280,31,565,1,0
E05000208,Enfield & Haringey,Southgate,754,33,145,65,366,87,454,46,482,277,315,44,584,0,3
E05000209,Enfield & Haringey,Southgate Green,799,45,130,67,312,113,461,47,422,293,258,32,710,0,2
E05000210,Enfield & Haringey,Town,830,76,120,121,381,107,415,34,579,264,624,28,801,1,1
E05000211,Enfield & Haringey,Turkey Street,373,65,103,93,263,78,586,33,175,115,332,24,505,2,1
E05000212,Enfield & Haringey,Upper Edmonton,450,47,212,70,284,107,811,57,245,176,205,32,883,1,2
E05000213,Enfield & Haringey,Winchmore Hill,926,43,132,78,344,104,452,44,456,270,352,32,831,0,0
E05000266,Enfield & Haringey,Alexandra AP,1164,14,78,19,234,92,591,29,710,496,107,9,425,1,0
E05000267,Enfield & Haringey,Bounds Green,748,23,135,34,217,103,634,32,388,289,109,26,361,0,2
E05000268,Enfield & Haringey,Bruce Grove,632,29,167,52,162,128,686,33,200,243,73,28,430,0,2
E05000269,Enfield & Haringey,Crouch End,1241,9,81,16,240,127,616,30,723,587,135,21,313,0,0
E05000270,Enfield & Haringey,Fortis Green,1026,14,93,28,267,109,545,33,752,511,137,34,280,1,1
,Enfield & Haringey,Haringey Postal Batches,3040,103,647,282,1215,357,2414,150,2467,1313,681,156,1166,1,4
E05000271,Enfield & Haringey,Harringay,1081,17,111,31,192,112,709,23,409,477,64,22,367,1,2
E05000272,Enfield & Haringey,Highgate AP,779,17,57,26,259,104,426,28,642,440,133,26,360,0,1
E05000273,Enfield & Haringey,Hornsey,1030,7,91,30,194,109,648,22,507,524,105,14,424,0,1
E05000274,Enfield & Haringey,Muswell Hill,1030,18,65,16,217,90,531,25,750,533,118,16,324,0,1
E05000275,Enfield & Haringey,Noel Park,563,21,141,27,175,85,570,25,294,206,85,18,552,2,0
E05000276,Enfield & Haringey,Northumberland Park,355,23,128,34,157,91,618,44,143,166,70,18,689,0,1
E05000278,Enfield & Haringey,Seven Sisters,756,24,189,29,182,120,748,40,245,272,102,24,551,2,1
E05000277,Enfield & Haringey,St Ann`s,938,25,124,43,169,106,764,21,252,340,72,19,408,1,1
E05000279,Enfield & Haringey,Stroud Green,1334,12,119,25,191,111,758,35,533,573,73,18,344,0,0
E05000280,Enfield & Haringey,Tottenham Green,774,26,135,35,166,103,702,40,199,292,83,30,707,0,4
E05000281,Enfield & Haringey,Tottenham Hale,564,26,151,50,203,92,681,47,209,233,96,24,751,2,1
E05000282,Enfield & Haringey,West Green,767,21,181,46,178,92,692,31,198,260,89,22,487,0,1
E05000283,Enfield & Haringey,White Hart Lane,401,34,161,66,193,91,590,31,154,164,105,15,447,1,0
E05000284,Enfield & Haringey,Woodside AP,644,25,106,37,189,77,508,22,330,239,105,27,597,0,1
E05000214,Greenwich & Lewisham,Abbey Wood,421,84,140,134,291,100,498,40,292,176,330,21,343,0,11
E05000215,Greenwich & Lewisham,Blackheath Westcombe,1180,53,98,48,319,113,572,50,657,398,279,27,432,1,6
E05000216,Greenwich & Lewisham,Charlton,976,52,130,94,310,116,600,47,433,296,259,23,352,0,6
E05000217,Greenwich & Lewisham,Coldharbour and New Eltham,495,94,87,143,314,69,309,28,388,169,588,18,457,1,1
E05000218,Greenwich & Lewisham,Eltham North,809,80,90,143,378,108,433,31,512,276,657,31,712,1,3
E05000219,Greenwich & Lewisham,Eltham South,503,83,72,108,288,65,317,23,443,179,565,27,485,1,3
E05000220,Greenwich & Lewisham,Eltham West,362,90,90,144,241,65,378,28,249,179,322,27,269,0,1
E05000221,Greenwich & Lewisham,Glyndon,600,60,199,95,307,82,733,31,277,249,239,24,586,0,2
,Greenwich & Lewisham,Greenwich Postal Votes,2868,352,662,895,2031,369,2689,200,2533,1338,1836,195,1513,0,5
E05000222,Greenwich & Lewisham,Greenwich West,1199,40,147,73,420,158,967,45,741,474,238,39,533,0,2
E05000223,Greenwich & Lewisham,Kidbrooke with Hornfair,561,64,114,118,286,82,426,26,305,210,314,18,369,0,2
E05000224,Greenwich & Lewisham,Middle Park and Sutcliffe,576,70,98,127,298,77,397,22,371,220,345,11,535,1,2
E05000225,Greenwich & Lewisham,Peninsula,1139,44,111,89,395,137,771,51,543,415,243,31,374,0,2
E05000226,Greenwich & Lewisham,Plumstead,525,73,165,119,358,98,573,37,258,225,296,17,484,0,3
E05000227,Greenwich & Lewisham,Shooters Hill,741,84,155,108,315,107,509,34,385,250,396,28,509,0,3
E05000228,Greenwich & Lewisham,Thamesmead Moorings,368,61,141,101,292,67,564,23,242,166,204,37,511,1,2
E05000229,Greenwich & Lewisham,Woolwich Common,519,64,156,77,259,85,709,27,243,221,156,17,457,1,3
E05000230,Greenwich & Lewisham,Woolwich Riverside,708,55,163,96,345,101,689,49,324,293,204,35,531,0,4
E05000437,Greenwich & Lewisham,Bellingham,447,67,122,92,257,75,459,32,250,186,184,32,577,0,1
E05000438,Greenwich & Lewisham,Blackheath,925,17,89,52,267,102,593,25,647,443,205,38,491,0,1
E05000439,Greenwich & Lewisham,Brockley,1635,25,112,44,250,141,941,37,420,569,132,25,479,1,5
E05000440,Greenwich & Lewisham,Catford South,1002,34,154,56,324,114,609,48,445,307,214,20,535,2,3
E05000441,Greenwich & Lewisham,Crofton Park,1468,31,115,58,267,113,856,41,513,548,142,28,373,1,4
E05000442,Greenwich & Lewisham,Downham,378,65,79,128,268,80,431,35,351,140,245,20,383,2,2
E05000443,Greenwich & Lewisham,Evelyn,708,53,140,62,274,117,714,43,334,281,146,27,633,0,12
E05000444,Greenwich & Lewisham,Forest Hill,1201,23,99,30,260,107,715,26,666,479,198,24,381,0,1
E05000445,Greenwich & Lewisham,Grove Park,612,50,100,82,306,86,497,32,402,257,363,26,396,0,1
E05000446,Greenwich & Lewisham,Ladywell,1485,21,112,43,218,112,811,42,433,527,126,28,389,2,0
E05000447,Greenwich & Lewisham,Lee Green,1111,37,114,58,350,119,690,31,707,410,225,35,448,0,0
E05000448,Greenwich & Lewisham,Lewisham Central,1085,25,159,57,336,141,851,49,485,440,170,33,469,0,3
E05000449,Greenwich & Lewisham,New Cross,952,34,133,68,239,135,806,42,308,391,96,25,494,1,4
E05000450,Greenwich & Lewisham,Perry Vale,1278,33,126,64,273,117,748,40,563,445,199,29,527,0,0
,Greenwich & Lewisham,Postal Ward,3406,228,574,639,1518,405,2658,153,2487,1482,1264,136,1286,2,3
E05000451,Greenwich & Lewisham,Rushey Green,839,23,118,54,217,104,539,31,324,323,145,32,443,0,2
E05000452,Greenwich & Lewisham,Sydenham,1072,48,123,87,281,135,702,28,516,371,240,36,536,0,1
E05000453,Greenwich & Lewisham,Telegraph Hill,1481,21,140,43,194,147,852,32,401,519,98,12,592,1,2
E05000454,Greenwich & Lewisham,Whitefoot,332,61,107,64,229,83,463,31,342,191,224,18,692,0,4
E05000306,Havering & Redbridge,Brooklands,475,119,134,167,350,78,340,32,282,164,588,35,455,3,1
E05000307,Havering & Redbridge,Cranham,585,104,65,208,374,68,274,28,436,183,883,26,679,0,1
E05000308,Havering & Redbridge,Elm Park,364,120,82,201,319,66,246,24,232,140,699,31,699,0,1
E05000309,Havering & Redbridge,Emerson Park,421,89,93,174,394,56,248,30,357,157,859,29,491,1,2
E05000310,Havering & Redbridge,Gooshays,343,178,84,168,271,77,240,23,193,126,587,22,298,1,0
E05000311,Havering & Redbridge,Hacton,466,121,83,230,400,73,236,34,420,160,923,25,423,3,1
E05000312,Havering & Redbridge,Harold Wood,438,120,65,198,342,73,285,24,453,159,742,28,405,1,2
E05000313,Havering & Redbridge,Havering Park,297,111,65,217,249,44,171,22,212,106,598,21,541,1,0
E05000314,Havering & Redbridge,Heaton,242,168,84,156,336,64,266,28,195,120,549,27,586,0,0
E05000315,Havering & Redbridge,Hylands,432,116,81,213,409,61,258,17,342,171,831,24,573,1,0
E05000316,Havering & Redbridge,Mawneys,319,101,92,195,325,58,205,33,276,126,687,23,541,3,1
E05000317,Havering & Redbridge,Pettits,454,116,76,186,373,42,226,27,386,164,906,27,667,0,2
,Havering & Redbridge,Postal Votes - Havering,2158,728,546,1942,2210,335,1680,176,2339,1104,4504,174,1956,1,7
E05000318,Havering & Redbridge,Rainham & Wennington,299,152,86,194,298,48,235,23,197,131,563,19,420,5,1
E05000319,Havering & Redbridge,Romford Town,510,79,106,157,374,81,324,19,419,184,630,26,647,0,1
E05000320,Havering & Redbridge,Saint Andrews,511,112,77,212,399,73,238,35,374,190,853,28,549,0,1
E05000321,Havering & Redbridge,South Hornchurch,306,136,82,240,321,57,242,20,218,115,609,20,337,1,4
E05000322,Havering & Redbridge,Squirrels Heath,503,84,73,177,303,83,242,38,326,160,758,37,569,1,0
E05000323,Havering & Redbridge,Upminster,674,96,55,199,397,74,251,19,476,189,1000,36,727,0,0
E05000495,Havering & Redbridge,ALDBOROUGH,480,45,257,114,509,97,565,59,322,184,281,22,762,0,2
E05000496,Havering & Redbridge,BARKINGSIDE,524,34,326,53,503,76,546,50,346,199,275,29,792,14,0
E05000497,Havering & Redbridge,BRIDGE,531,82,103,123,309,70,324,21,353,188,473,26,359,0,0
E05000498,Havering & Redbridge,CHADWELL,443,60,280,85,396,68,541,50,301,197,310,28,639,3,1
E05000499,Havering & Redbridge,CHURCH END,724,41,111,74,334,99,382,33,597,243,371,31,334,0,1
E05000500,Havering & Redbridge,CLAYHALL,567,31,450,70,576,98,528,63,391,208,241,27,747,0,1
E05000501,Havering & Redbridge,CLEMENTSWOOD,343,33,418,47,356,54,725,48,165,154,95,28,733,2,5
E05000502,Havering & Redbridge,CRANBROOK,439,25,509,47,423,66,580,45,287,156,150,24,738,0,3
E05000503,Havering & Redbridge,FAIRLOP,427,53,131,103,385,72,338,37,348,164,412,27,583,2,1
E05000504,Havering & Redbridge,FULLWELL,438,54,215,89,422,83,431,48,344,191,395,30,630,3,0
E05000505,Havering & Redbridge,GOODMAYES,370,40,425,54,384,69,538,48,245,169,144,25,696,2,1
E05000506,Havering & Redbridge,HAINAULT,324,82,125,128,299,94,268,27,232,154,383,25,435,2,1
E05000507,Havering & Redbridge,LOXFORD,291,34,461,44,336,56,667,36,178,144,106,20,978,1,5
E05000508,Havering & Redbridge,MAYFIELD,410,40,461,86,394,60,640,47,232,196,235,16,684,4,0
E05000509,Havering & Redbridge,MONKHAMS,579,39,91,82,349,72,276,35,534,230,514,24,501,1,1
E05000510,Havering & Redbridge,NEWBURY,549,47,484,69,510,91,812,85,338,243,197,31,865,1,3
,Havering & Redbridge,Redbridge - Postal Votes,2420,292,1514,836,2285,308,2577,217,2360,1171,1953,170,1741,3,22
E05000511,Havering & Redbridge,RODING,646,47,168,83,377,74,506,35,612,252,335,26,552,0,0
E05000512,Havering & Redbridge,SEVEN KINGS,410,32,425,66,414,78,657,51,273,207,193,34,776,4,3
E05000513,Havering & Redbridge,SNARESBROOK,783,47,155,66,351,91,441,36,535,305,326,26,466,0,0
E05000514,Havering & Redbridge,VALENTINES,423,18,530,53,395,76,604,39,258,177,126,25,610,1,2
E05000515,Havering & Redbridge,WANSTEAD,1026,45,178,77,331,102,457,44,519,388,395,24,478,1,0
E05000416,Lambeth & Southwark,Bishop`s,505,19,84,31,182,68,414,24,432,212,132,18,248,0,0
E05000417,Lambeth & Southwark,Brixton Hill,1232,16,119,44,248,152,834,46,461,514,107,27,422,0,2
E05000418,Lambeth & Southwark,Clapham Common,763,13,68,25,282,100,533,30,518,357,148,31,398,1,0
E05000419,Lambeth & Southwark,Clapham Town,808,20,118,29,271,115,571,32,536,319,160,22,429,0,1
E05000420,Lambeth & Southwark,Coldharbour,734,19,137,25,150,144,716,35,274,283,55,15,656,2,1
E05000421,Lambeth & Southwark,Ferndale,1038,19,104,34,300,130,825,52,412,422,96,44,515,0,1
E05000422,Lambeth & Southwark,Gipsy Hill,1020,25,86,48,232,105,653,44,403,400,126,32,371,2,0
E05000423,Lambeth & Southwark,Herne Hill,1623,21,116,36,274,183,950,51,530,612,115,24,471,0,1
E05000424,Lambeth & Southwark,Knight`s Hill,1005,22,126,49,240,126,598,39,432,367,137,18,490,0,1
,Lambeth & Southwark,Lambeth Postal Votes,3932,155,653,383,1592,480,2939,245,3153,1788,925,199,1829,3,4
E05000425,Lambeth & Southwark,Larkhall,904,22,160,52,327,132,735,49,468,375,134,28,595,0,0
E05000426,Lambeth & Southwark,Oval,825,22,99,45,260,128,740,34,583,358,111,32,476,0,0
E05000427,Lambeth & Southwark,Prince`s,879,23,123,62,314,98,779,41,674,422,183,25,513,0,0
E05000428,Lambeth & Southwark,St.Leonard`s,1022,24,159,38,315,116,590,37,501,440,130,43,461,0,3
E05000429,Lambeth & Southwark,Stockwell,817,18,129,50,270,126,720,33,451,357,122,26,548,0,1
E05000430,Lambeth & Southwark,Streatham Hill,1105,18,137,38,249,126,722,47,648,398,143,29,420,0,5
E05000431,Lambeth & Southwark,Streatham South,734,30,211,53,314,114,636,48,445,300,173,40,501,0,0
E05000432,Lambeth & Southwark,Streatham Wells,971,20,127,30,324,132,683,41,693,364,127,31,415,2,3
E05000433,Lambeth & Southwark,Thornton,842,21,101,43,291,119,591,29,493,326,115,27,545,2,1
E05000434,Lambeth & Southwark,Thurlow Park,1179,20,116,55,278,104,674,33,526,426,166,21,446,2,1
E05000435,Lambeth & Southwark,Tulse Hill,1183,21,111,49,227,159,871,42,371,469,81,17,578,0,1
E05000436,Lambeth & Southwark,Vassall,983,23,128,44,273,133,832,38,495,452,119,30,465,2,1
E05000534,Lambeth & Southwark,Brunswick Park,925,17,142,25,185,99,765,36,370,311,80,15,441,0,0
E05000535,Lambeth & Southwark,Camberwell Green,693,27,118,47,234,128,771,38,332,285,126,15,660,0,2
E05000536,Lambeth & Southwark,Cathedrals,654,30,124,47,263,98,593,27,665,266,136,18,415,0,1
E05000537,Lambeth & Southwark,Chaucer,625,21,130,30,246,102,653,28,613,304,109,18,439,0,2
E05000538,Lambeth & Southwark,College,828,18,94,31,269,75,620,40,555,343,145,27,421,1,7
E05000539,Lambeth & Southwark,East Dulwich,1026,19,90,35,230,107,693,37,740,491,116,25,342,0,1
E05000540,Lambeth & Southwark,East Walworth,544,44,109,56,167,65,579,27,480,187,127,14,322,0,1
E05000541,Lambeth & Southwark,Faraday,416,29,101,47,161,68,507,26,271,154,97,15,377,0,0
E05000542,Lambeth & Southwark,Grange BE,663,62,99,52,298,101,608,36,753,295,164,29,326,0,1
E05000543,Lambeth & Southwark,Livesey,467,46,123,73,218,100,636,24,338,214,146,20,474,1,1
E05000544,Lambeth & Southwark,Newington,695,34,117,37,256,109,837,32,688,341,134,25,618,0,0
E05000545,Lambeth & Southwark,Nunhead,914,29,137,57,216,99,693,32,329,349,122,15,453,1,1
E05000546,Lambeth & Southwark,Peckham,639,16,160,51,217,85,708,30,288,283,69,18,485,2,1
E05000547,Lambeth & Southwark,Peckham Rye,1228,18,96,40,269,127,745,43,588,486,144,24,351,0,0
E05000548,Lambeth & Southwark,Riverside,537,34,71,54,258,83,560,29,706,282,199,16,330,3,0
E05000549,Lambeth & Southwark,Rotherhithe,555,57,106,80,232,96,476,21,564,221,208,24,310,0,0
E05000550,Lambeth & Southwark,South Bermondsey,360,59,105,71,222,69,439,37,504,169,211,14,353,0,0
E05000551,Lambeth & Southwark,South Camberwell,1041,11,89,23,197,110,721,24,471,362,88,21,358,0,0
,Lambeth & Southwark,Southwark Postal Ballots,3168,236,684,529,1605,424,3146,179,3602,1573,1049,135,1833,2,1
E05000552,Lambeth & Southwark,Surrey Docks,581,38,58,45,345,89,524,26,749,189,191,35,236,0,0
E05000553,Lambeth & Southwark,The Lane,1353,29,100,42,232,116,874,43,462,483,95,20,465,0,1
E05000554,Lambeth & Southwark,Village BE,1051,17,64,38,303,89,603,29,758,546,210,34,543,0,0
E05000455,Merton & Wandsworth,Abbey,657,26,106,32,294,89,469,31,490,243,181,26,377,0,0
E05000456,Merton & Wandsworth,Cannon Hill,570,53,101,100,322,82,356,27,411,221,352,20,465,3,1
E05000457,Merton & Wandsworth,Colliers Wood,810,37,137,54,329,84,677,33,344,252,154,41,341,3,2
E05000458,Merton & Wandsworth,Cricket Green,341,44,132,87,298,80,628,24,230,153,211,48,612,0,0
E05000459,Merton & Wandsworth,Dundonald,613,27,57,41,278,65,406,24,635,253,213,24,327,1,1
E05000460,Merton & Wandsworth,Figge's Marsh,367,60,100,76,308,71,922,36,228,169,157,43,738,0,2
E05000461,Merton & Wandsworth,Graveney,504,40,130,53,322,75,779,41,269,229,118,33,481,5,1
E05000462,Merton & Wandsworth,Hillside,543,18,48,40,240,57,293,24,462,194,200,32,380,0,0
E05000463,Merton & Wandsworth,Lavender Fields,378,52,115,62,262,67,599,24,225,153,147,26,378,1,0
E05000464,Merton & Wandsworth,Longthornton,349,34,139,48,292,84,568,37,214,160,189,50,599,0,0
E05000465,Merton & Wandsworth,Lower Morden,404,86,70,111,318,54,377,23,301,126,392,24,378,0,1
E05000466,Merton & Wandsworth,Merton Park,736,21,138,50,308,67,435,26,551,257,249,29,327,1,1
E05000467,Merton & Wandsworth,Pollards Hill,303,43,142,100,304,75,572,29,219,158,206,30,497,2,3
,Merton & Wandsworth,Postal Votes,2210,172,497,561,1461,277,1983,132,2537,1112,1367,189,1521,5,6
E05000468,Merton & Wandsworth,Ravensbury,389,81,106,97,311,51,511,24,243,137,258,24,395,0,1
E05000469,Merton & Wandsworth,Raynes Park,608,31,64,58,287,89,347,29,585,283,237,37,361,0,0
E05000470,Merton & Wandsworth,St. Helier,362,85,115,91,329,83,395,26,295,176,246,34,502,2,2
E05000471,Merton & Wandsworth,Trinity,682,13,70,42,309,97,432,25,543,304,177,33,305,0,0
E05000472,Merton & Wandsworth,Village,442,17,48,41,191,74,219,27,468,217,252,39,517,1,0
E05000473,Merton & Wandsworth,West Barnes,513,38,83,74,324,75,371,24,732,193,286,27,347,0,2
E05000474,Merton & Wandsworth,Wimbledon Park,738,16,104,42,331,85,411,24,561,354,213,26,579,3,0
E05000610,Merton & Wandsworth,Balham,961,19,104,51,357,121,544,47,699,475,233,32,551,0,2
E05000611,Merton & Wandsworth,Bedford,1151,15,107,68,430,130,649,40,608,465,192,48,628,2,3
E05000612,Merton & Wandsworth,Earlsfield,987,33,110,63,475,134,659,54,613,463,233,34,722,2,2
E05000613,Merton & Wandsworth,East Putney,923,25,114,45,400,111,510,36,723,450,290,54,488,1,3
E05000614,Merton & Wandsworth,Fairfield BJ,894,24,88,53,363,135,532,43,608,431,275,42,489,1,0
E05000615,Merton & Wandsworth,Furzedown,1245,39,233,49,387,161,695,63,533,484,217,39,827,1,1
E05000461,Merton & Wandsworth,Graveney BJ,1116,35,195,55,412,123,623,37,501,417,148,47,971,0,0
E05000617,Merton & Wandsworth,Latchmere,688,43,136,58,332,141,563,37,382,268,222,24,498,0,0
E05000618,Merton & Wandsworth,Nightingale,1095,20,108,35,442,143,712,47,793,542,229,38,553,1,0
E05000619,Merton & Wandsworth,Northcote,870,14,88,39,329,114,444,40,582,449,209,24,742,1,1
E05000620,Merton & Wandsworth,Queenstown,684,23,114,68,308,116,531,43,438,315,208,37,655,0,0
E05000621,Merton & Wandsworth,Roehampton and Putney Heath,462,42,115,84,295,79,398,27,242,192,180,44,541,1,3
E05000623,Merton & Wandsworth,Shaftesbury,754,25,81,50,345,115,512,33,541,444,260,36,537,0,2
E05000624,Merton & Wandsworth,Southfields,1077,24,111,62,486,150,651,40,723,460,278,45,732,0,1
E05000622,Merton & Wandsworth,St Mary`s Park,856,34,107,71,387,136,528,61,549,373,294,41,566,0,0
E05000625,Merton & Wandsworth,Thamesfield,1179,27,73,47,437,163,565,44,828,471,322,57,554,0,0
E05000626,Merton & Wandsworth,Tooting,1058,32,264,48,435,125,784,42,489,414,186,37,976,3,2
E05000627,Merton & Wandsworth,Wandsworth Common,904,32,76,52,414,127,512,49,606,431,319,33,550,0,0
,Merton & Wandsworth,Wandsworth Postal Batches,4973,328,919,953,3004,738,3839,347,4753,2544,2421,361,3720,14,8
E05000628,Merton & Wandsworth,West Hill,724,40,147,77,387,108,545,42,525,296,242,50,698,1,1
E05000629,Merton & Wandsworth,West Putney,711,29,100,62,306,103,434,18,550,353,281,39,718,1,0
E05009367,North East,Brownswood,768,5,82,26,137,77,512,29,271,319,50,17,223,0,0
E05009368,North East,Cazenove,798,12,175,23,138,84,601,43,200,293,43,15,335,0,1
E05009369,North East,Clissold,1307,21,107,20,170,140,745,33,268,533,50,14,376,0,0
E05009370,North East,Dalston,807,5,60,16,110,90,465,16,179,262,40,12,176,0,0
E05009371,North East,De Beauvoir,751,13,68,18,156,63,467,24,248,296,72,19,234,0,0
E05009372,North East,Hackney Central,1062,12,107,33,136,89,803,41,244,344,55,17,415,0,1
E05009373,North East,Hackney Downs,1160,23,160,24,139,121,851,38,287,331,39,18,414,0,0
,North East,Hackney Postals,4262,151,1005,476,1506,445,3429,188,2104,1583,693,144,1596,0,9
E05009374,North East,Hackney Wick,795,23,95,37,139,97,621,29,221,243,73,18,441,0,1
E05009375,North East,Haggerston,780,23,140,37,154,115,614,39,236,258,69,11,455,0,0
E05009376,North East,Homerton,823,28,153,26,141,103,684,36,182,276,66,14,306,1,4
E05009377,North East,Hoxton East & Shoreditch,566,22,95,40,140,80,476,19,242,196,77,12,259,0,1
E05009378,North East,Hoxton West,595,16,94,46,189,79,567,35,268,252,99,28,331,1,0
E05009379,North East,King`s Park,863,22,135,37,136,104,701,44,176,287,62,21,498,0,3
E05009380,North East,Lea Bridge AM,1321,15,228,29,161,136,813,34,215,446,44,23,342,0,3
E05009381,North East,London Fields,1061,21,107,29,152,104,766,26,234,353,68,17,396,0,2
E05009382,North East,Shacklewell,702,6,66,20,102,80,481,15,176,211,21,9,352,1,1
E05009383,North East,Springfield,459,10,95,36,99,59,414,15,173,171,57,13,465,0,0
E05009384,North East,Stamford Hill West,413,7,59,21,79,53,253,12,113,156,44,14,340,0,0
E05009385,North East,Stoke Newington,1549,12,153,33,190,146,836,41,330,588,72,21,374,0,0
E05009386,North East,Victoria,974,21,119,24,151,113,607,29,275,319,79,19,334,0,0
E05009387,North East,Woodberry Down,481,11,85,23,119,80,446,24,165,162,54,20,286,0,1
E05000366,North East,Barnsbury,717,37,115,59,259,93,539,23,421,347,183,17,452,0,0
E05000367,North East,Bunhill,685,49,136,72,257,117,546,29,397,313,181,19,487,0,4
E05000368,North East,Caledonian,745,33,125,53,204,92,619,33,310,306,175,16,615,1,1
E05000369,North East,Canonbury,720,26,92,57,192,104,553,22,338,389,153,17,549,0,0
E05000370,North East,Clerkenwell,672,29,91,60,166,97,487,27,288,300,157,24,442,0,0
E05000371,North East,Finsbury Park,1100,27,204,46,214,131,808,37,351,462,109,22,744,0,2
E05000372,North East,Highbury East,1163,17,68,35,237,97,672,34,553,479,120,23,349,2,3
E05000373,North East,Highbury West,1374,25,174,43,270,176,911,48,556,659,132,28,736,0,3
E05000374,North East,Hillrise,998,23,121,23,178,109,634,36,416,394,105,20,651,0,4
E05000375,North East,Holloway,1006,43,166,65,279,166,778,39,455,408,157,24,623,0,2
,North East,Islington Postals,3223,133,580,403,1120,381,2340,140,2128,1354,751,116,1565,1,8
E05000376,North East,Junction,1029,28,106,50,162,152,571,28,386,382,123,23,549,1,0
E05000377,North East,Mildmay,1023,17,127,61,177,126,711,29,375,440,100,21,472,0,2
E05000378,North East,St. George`s,1210,24,118,48,167,128,719,28,374,456,94,15,436,0,3
E05000379,North East,St. Mary`s,802,27,94,37,227,93,527,25,422,404,133,28,471,0,0
E05000380,North East,St. Peter`s,749,23,103,58,251,106,567,38,385,366,165,19,464,1,0
E05000381,North East,Tollington,1274,16,167,34,208,122,795,35,396,496,83,16,571,0,0
E05000590,North East,Cann Hall,522,28,219,35,202,94,520,23,342,225,101,26,366,0,1
E05000591,North East,Cathall,395,26,219,49,166,81,507,19,173,196,105,19,504,1,0
E05000592,North East,Chapel End,793,40,188,60,230,89,578,31,307,271,188,17,488,0,5
E05000593,North East,Chingford Green,467,62,80,113,298,69,250,25,326,145,534,25,488,0,0
E05000594,North East,Endlebury,446,62,96,127,296,65,230,32,320,175,512,20,646,0,1
E05000595,North East,Forest,606,34,247,53,222,68,521,29,293,234,142,26,417,0,4
E05000596,North East,Grove Green,779,28,245,46,223,94,625,35,315,309,87,30,486,0,0
E05000597,North East,Hale End and Highams Park,750,48,167,89,284,85,463,38,418,240,343,14,403,2,0
E05000598,North East,Hatch Lane,586,73,97,115,245,64,319,28,321,185,417,23,468,0,2
E05000599,North East,High Street,944,24,235,53,201,113,708,33,359,378,110,27,559,0,3
E05000600,North East,Higham Hill,567,38,189,78,222,80,547,26,261,209,154,15,569,0,3
E05000601,North East,Hoe Street,948,16,245,52,210,107,731,27,337,395,109,28,463,0,4
E05000602,North East,Larkswood,399,56,148,106,259,56,289,19,265,134,406,18,538,1,1
E05009380,North East,Lea Bridge,582,34,379,65,255,94,718,36,251,260,108,27,654,1,0
E05000604,North East,Leyton,471,28,221,38,216,80,567,31,293,197,82,21,725,1,0
E05000605,North East,Leytonstone,952,22,288,38,203,108,649,23,341,351,157,19,372,0,2
E05000606,North East,Markhouse,719,18,316,51,228,67,642,38,231,297,95,21,570,0,0
E05000607,North East,Valley,358,63,152,104,234,63,326,28,210,123,364,22,503,0,1
,North East,Waltham Forest Postals,2553,234,1334,703,1435,336,2189,162,1884,1071,1417,146,1098,1,9
E05000608,North East,William Morris,924,34,191,55,235,104,659,37,291,327,113,38,465,0,1
E05000609,North East,Wood Street,815,25,205,69,235,105,670,29,290,351,146,30,515,0,1
E05000346,South West,BEDFONT,262,77,118,103,258,55,365,30,197,118,311,28,357,1,2
E05000347,South West,BRENTFORD,736,37,149,103,335,121,523,34,385,250,265,58,501,3,0
E05000348,South West,CHISWICK HOMEFIELDS,620,29,78,64,290,90,334,29,492,370,235,38,531,0,1
E05000349,South West,CHISWICK RIVERSIDE,788,26,74,55,302,82,402,42,491,356,288,45,495,0,0
E05000350,South West,CRANFORD,227,45,221,77,350,66,579,47,169,128,130,25,343,0,3
E05000351,South West,FELTHAM NORTH,262,77,126,102,254,67,303,28,178,103,286,28,338,0,1
E05000352,South West,FELTHAM WEST,306,90,147,138,294,73,373,32,221,144,318,35,404,0,1
E05000353,South West,HANWORTH,269,63,108,113,246,53,351,24,185,101,266,40,312,0,1
E05000354,South West,HANWORTH PARK,347,86,124,132,323,77,390,18,253,120,358,37,364,2,1
E05000355,South West,HESTON CENTRAL,289,40,199,63,395,66,540,57,182,147,144,32,465,0,2
E05000356,South West,HESTON EAST,337,35,192,78,373,65,560,61,187,156,131,51,558,0,4
E05000357,South West,HESTON WEST,249,56,216,94,362,77,599,56,147,134,151,34,700,1,0
E05000358,South West,HOUNSLOW CENTRAL,429,52,196,88,482,84,578,52,250,179,189,46,787,0,3
E05000359,South West,HOUNSLOW HEATH,375,36,281,73,417,99,659,38,261,191,146,41,622,1,1
,South West,Hounslow Postal Voters,2610,354,1056,913,2454,346,2913,269,2632,1381,1779,263,1635,2,10
E05000360,South West,HOUNSLOW SOUTH,581,41,160,102,396,109,503,51,404,210,303,63,462,1,0
E05000361,South West,HOUNSLOW WEST,300,32,205,70,459,74,682,56,208,158,121,51,538,0,1
E05000362,South West,ISLEWORTH,509,55,176,95,302,84,397,32,342,206,259,27,448,1,2
E05000363,South West,OSTERLEY & SPRING GROVE,637,29,212,78,419,84,516,40,427,219,253,59,493,0,2
E05000364,South West,SYON,740,44,141,102,315,99,425,41,364,246,277,42,361,1,0
E05000365,South West,TURNHAM GREEN,675,24,81,49,286,81,370,28,478,329,232,53,410,0,3
E05000400,South West,Alexandra,364,41,80,67,274,52,317,26,580,120,281,19,356,0,2
E05000401,South West,Berrylands,528,29,48,53,271,60,351,21,654,169,240,26,282,0,0
E05000402,South West,Beverley,573,25,68,52,332,75,365,26,657,204,227,26,331,0,0
E05000403,South West,Canbury,915,20,76,29,338,88,503,26,721,306,221,44,325,0,0
E05000404,South West,Chessington North and Hook,266,42,46,73,213,32,205,24,449,77,279,14,202,0,1
E05000405,South West,Chessington South,317,54,64,113,251,44,264,20,501,96,368,17,255,1,0
E05000406,South West,Coombe Hill,378,12,98,36,246,63,239,25,375,159,208,33,367,1,0
E05000407,South West,Coombe Vale,555,15,66,50,289,72,370,26,587,218,219,31,382,1,1
E05000408,South West,Grove,497,12,55,31,218,74,372,27,598,209,171,25,252,0,0
,South West,Kingston Postal Voters,2441,218,433,751,1801,323,1941,152,3854,1051,1833,163,1604,2,1
E05000409,South West,Norbiton,427,26,67,57,191,71,364,26,445,158,140,16,270,0,1
E05000410,South West,Old Malden,369,41,83,71,327,59,275,22,558,134,341,28,313,0,0
E05000411,South West,St James,337,25,79,58,289,52,267,25,535,121,271,21,346,0,1
E05000412,South West,St Marks,593,21,49,32,237,78,353,22,650,219,166,21,212,0,0
E05000413,South West,Surbiton Hill,518,18,46,60,250,67,351,28,748,202,222,33,273,0,1
E05000414,South West,Tolworth and Hook Rise,371,38,75,73,252,59,296,24,594,128,245,21,213,0,0
E05000415,South West,Tudor,642,22,54,52,306,73,348,27,601,197,277,33,432,0,0
E05000516,South West,Barnes,583,20,49,34,287,89,280,42,629,337,230,50,527,1,1
E05000517,South West,East Sheen,777,23,43,48,353,107,382,41,841,331,265,53,496,0,0
E05000518,South West,Fulwell & Hampton Hill,765,24,47,49,263,85,383,17,890,217,231,26,250,1,1
E05000519,South West,"Ham, Petersham & Richmond Riverside",611,17,64,57,304,73,322,27,638,201,280,32,537,0,1
E05000520,South West,Hampton,602,28,52,63,299,72,302,42,752,225,313,19,312,0,0
E05000521,South West,Hampton North,431,41,62,91,201,61,274,24,538,128,321,26,268,0,0
E05000522,South West,Hampton Wick,687,23,36,44,304,74,342,28,733,271,298,32,324,1,0
E05000523,South West,Heathfield BD,321,40,79,79,317,70,319,25,512,131,318,27,341,0,0
E05000524,South West,Kew,787,24,68,29,357,93,417,38,915,316,245,45,462,1,0
E05000525,South West,Mortlake & Barnes Common,789,22,52,51,307,87,357,50,657,337,269,37,436,0,2
E05000526,South West,North Richmond,630,22,50,42,354,83,404,27,752,247,296,34,417,0,1
,South West,RuT Postal ,3185,179,360,600,1800,359,1992,200,4969,1386,1847,191,2292,2,3
E05000528,South West,South Richmond,662,11,67,44,305,77,351,37,668,299,235,34,510,0,0
E05000529,South West,South Twickenham,772,18,48,37,275,83,441,26,733,276,272,35,297,2,0
E05000527,South West,St. Margaret`s & North Twickenham,805,17,55,35,316,100,462,30,800,350,249,29,309,0,1
E05000530,South West,Teddington,685,17,49,48,299,71,393,24,918,275,272,21,317,0,1
E05000531,South West,Twickenham Riverside,773,18,52,37,272,89,393,32,686,276,209,38,275,0,1
E05000532,South West,West Twickenham,609,27,53,66,298,56,335,31,691,189,275,27,286,0,1
E05000533,South West,Whitton,456,31,79,83,326,65,338,27,613,181,343,25,315,0,0
E05000250,West Central,Addison,630,23,104,43,239,124,406,28,393,319,143,32,413,4,0
E05000251,West Central,Askew,852,30,177,43,222,144,555,46,432,409,171,40,560,0,0
E05000252,West Central,Avonmore and Brook Green,546,27,116,33,244,102,424,32,390,263,159,44,360,2,0
E05000253,West Central,College Park and Old Oak,353,41,114,49,167,65,277,20,147,131,142,9,287,0,1
E05000254,West Central,Fulham Broadway,383,29,72,69,238,92,320,30,262,256,224,31,407,0,0
E05000255,West Central,Fulham Reach,645,21,104,51,253,96,475,36,402,285,216,33,356,1,1
,West Central,H&Fpostals,2394,196,584,478,1370,410,1822,181,2266,1296,1236,219,1773,13,6
E05000256,West Central,Hammersmith Broadway,602,24,103,44,222,90,443,29,375,274,155,34,466,1,2
E05000257,West Central,Munster,506,22,61,53,235,116,317,29,412,262,255,28,336,0,0
E05000258,West Central,North End,601,27,103,47,261,86,472,25,321,246,156,31,339,2,1
E05000259,West Central,Palace Riverside,449,21,31,36,186,59,236,18,350,173,220,33,354,0,0
E05000260,West Central,Parsons Green and Walham,430,20,51,59,212,80,249,35,367,277,297,38,465,1,1
E05000261,West Central,Ravenscourt Park,702,17,80,37,295,107,409,37,551,374,168,33,368,2,1
E05000262,West Central,Sands End,469,37,108,70,273,109,385,43,357,265,249,33,358,1,1
E05000263,West Central,Shepherds Bush Green,645,27,128,37,213,115,441,34,319,298,98,35,490,1,0
E05000264,West Central,Town AN,412,29,77,44,212,95,312,23,309,236,169,43,506,1,1
E05000265,West Central,Wormholt and White City,504,32,210,69,257,105,566,41,308,288,151,31,547,5,3
E05009388,West Central,Abingdon,264,14,50,27,222,47,188,19,267,171,164,40,289,0,0
E05009389,West Central,Brompton and Hans Town,172,17,41,25,134,39,97,16,157,120,167,26,383,3,0
E05009390,West Central,Campden,273,13,40,24,179,63,124,12,285,169,150,31,309,1,0
E05009391,West Central,Chelsea Riverside,307,23,92,58,180,60,217,27,203,152,198,23,304,5,1
E05009392,West Central,Colville,437,19,109,37,139,123,278,28,276,162,97,29,268,4,1
E05009393,West Central,Courtfield,220,12,25,22,161,38,128,21,192,143,167,34,318,0,1
E05009394,West Central,Dalgarno,280,21,132,31,93,71,228,18,123,115,82,9,258,5,1
E05009395,West Central,Earl`s Court,290,6,52,34,200,40,266,16,344,144,121,30,220,3,1
E05009396,West Central,Golborne,288,17,189,33,122,84,317,21,138,134,60,10,341,5,3
E05009397,West Central,Holland,279,12,67,29,179,50,174,30,210,169,129,26,259,2,0
E05009398,West Central,Norland,234,5,33,20,113,58,145,19,219,185,125,30,240,0,1
E05009399,West Central,Notting Dale,330,28,141,55,128,86,319,20,138,149,119,9,397,0,2
E05009400,West Central,Pembridge,238,10,26,16,129,35,121,12,182,134,71,19,157,1,0
E05009401,West Central,Queen`s Gate,183,6,35,13,120,41,118,19,190,123,108,17,277,0,0
,West Central,RBKC Postal Batches,1321,108,255,261,1228,283,967,160,1709,911,1159,211,1282,7,2
E05009402,West Central,Redcliffe,269,10,44,26,181,58,158,26,230,176,143,33,358,0,0
E05009403,West Central,Royal Hospital,278,24,55,38,197,48,115,20,252,149,262,55,403,1,0
E05009404,West Central,St Helen`s,335,17,73,14,120,69,223,31,164,154,84,19,170,2,0
E05009405,West Central,Stanley,262,24,61,44,182,47,154,29,231,154,210,42,387,4,0
E05000630,West Central,Abbey Road,322,16,75,42,207,67,191,36,343,221,198,36,458,3,0
E05000631,West Central,Bayswater,428,14,99,33,194,66,267,22,392,200,105,28,251,0,1
E05000632,West Central,Bryanston and Dorset Square,391,16,81,31,207,62,261,23,311,183,166,27,275,2,0
E05000634,West Central,Church Street,357,40,225,53,219,55,524,16,165,134,147,9,564,1,1
E05000633,West Central,Churchill,363,21,121,55,226,59,337,23,263,139,183,22,498,1,2
E05000635,West Central,Harrow Road,562,22,158,41,198,86,463,29,245,228,103,16,469,3,0
E05000636,West Central,Hyde Park,332,17,80,31,167,62,217,24,278,173,133,21,312,0,0
E05000637,West Central,Knightsbridge and Belgravia,133,14,12,16,103,35,74,11,139,98,124,22,283,1,0
E05000638,West Central,Lancaster Gate,468,20,89,30,198,49,251,28,301,182,159,26,350,3,3
E05000639,West Central,Little Venice,389,6,85,40,188,60,249,16,283,197,145,38,494,1,1
E05000640,West Central,Maida Vale,422,20,101,44,209,65,351,27,282,258,139,26,344,3,0
E05000641,West Central,Marylebone High Street,306,20,47,39,189,59,210,22,269,193,162,32,272,0,1
E05000642,West Central,Queen's Park,475,25,190,61,185,109,556,23,224,244,115,14,568,4,0
E05000643,West Central,Regent's Park,322,14,104,37,216,66,241,23,289,181,132,25,449,1,0
E05000644,West Central,St James's,399,21,76,44,194,51,240,17,264,181,199,33,407,0,1
E05000645,West Central,Tachbrook,398,39,81,43,193,54,242,19,331,187,224,35,333,4,0
E05000646,West Central,Vincent Square,430,29,100,55,224,68,325,22,364,208,242,35,376,1,1
E05000647,West Central,Warwick,386,18,72,36,228,62,245,22,328,203,212,41,354,1,0
E05000649,West Central,West End,376,18,61,37,157,72,221,21,245,132,154,23,235,1,0
E05000648,West Central,Westbourne,384,30,208,44,181,68,437,23,190,162,98,17,485,1,0
,West Central,Westminster Postal Votes,1877,122,612,321,1504,325,1610,154,2124,1104,1118,191,1569,5,1
